name,price,item_id,category,description
"3.3mm Anchor Link Chain 20.5"" Necklace 14k Multi-Tone Gold Italy 8.70 Grams",$499.99,23523030471,Necklaces & Pendants,"['Metal:Multi-Tone Gold / Yellow, White and Rose', 'Metal Purity:14k', 'Metal Weight:5.6dwt / 8.70 Grams', 'Style:Chain', 'Type:Necklace', 'Chain Type:Anchor/Mariner', 'Closure:Lobster', 'Country/Region of Manufacture:Italy', 'Necklace Measurement:20.5"" Length / 3.3mm Width']"
4mm Polished Classic Wedding Band Ring 14k Yellow Gold 1.71 Grams Size 8.5,$119.99,23523032151,Wedding & Anniversary Bands,"['Metal:Yellow Gold', 'Metal Purity:14k', 'Metal Weight:1.1dwt / 1.71 Grams', 'Type:Wedding/Anniversary Band', 'Ring Size:8.5', 'Ring Face Height:4mm', 'Department:Men']"
"5.4mm Herringbone Link Chain 16.25"" Necklace 14k Yellow Gold Italy 11.97 Grams",$799.99,23522043479,Necklaces & Pendants,"['Metal:Yellow Gold', 'Metal Purity:14k', 'Metal Weight:7.7dwt / 11.97 Grams', 'Style:Chain', 'Type:Necklace', 'Chain Type:Herringbone', 'Closure:Lobster', 'Country/Region of Manufacture:Italy', 'Necklace Measurement:16.25"" Length / 5.4mm Width']"
Religious Virgin Mary Sacred Heart Jesus Pendant w/o Chain 14k Multi-Tone Gold,$499.99,23522042147,Necklaces & Pendants,"['Metal:Multi-Tone Gold / Yellow, White and Rose', 'Metal Purity:14k', 'Metal Weight:4.5dwt / 6.99 Grams', 'Style:Statement', 'Type:Pendant', 'Pendant Shape:Round', 'Theme:Religious', 'Chain Type:No Chain', 'Pendant Measurement:1.75"" x 1.25""']"
GIA速 2.86ct Oval Cut Topaz Solitaire Statement Ring 14k White Gold Size 6.75,$1699.99,90218007695,Rings,"['Metal:White Gold', 'Metal Purity:14k', 'Metal Weight:2.8dwt / 4.35 Grams', 'Type:Ring', 'Style:Cocktail', 'Setting Style:Solitaire', 'Ring Size:6.75', 'Ring Face Height:9.96mm', 'Department:Women', 'Main Stone:Topaz', 'Main Stone Shape:Oval', 'Main Stone Creation:Natural', 'Number of Gemstones:1', 'Main Stone Color:Yellowish Orange', 'Gemstone Clarity Grade:Slightly Included', 'Main Stone Measurement:9.96mm x 7.98mm x 5.14mm', 'Certification:GIA #6234350845', 'Est. Total Carat Weight:2.86ct Loose Weight']"
22.3mm Diamond-Cut Filigree Statement Ring 21k Yellow Gold 4.97 Grams Size 6.75,$399.99,23523032681,Rings,"['Metal:Yellow Gold', 'Metal Purity:21k (tested)', 'Metal Weight:3.2dwt / 4.97 Grams', 'Type:Ring', 'Style:Cocktail', 'Ring Size:6.75', 'Ring Face Height:22.3mm', 'Department:Women']"
Tissot PRX 35mm Blue Dial Quartz Stainless Steel Men's Wristwatch,$249.99,23523032625,Wristwatches,"['Brand:Tissot', 'Model:Tissot PRX', 'Reference Number:T137210A', 'Type:Wristwatch', 'Department:Men', 'Style:Casual', 'Movement:Quartz', 'Features:Date Indicator', 'Dial Color:Blue', 'Bezel Color:Silver', 'Bezel Type:Fixed', 'Display:Analog', 'Indices:Stick Indexes', 'Case Color:Silver', 'Case Material:Stainless Steel', 'Case Finish:Brushed', 'Case Size:35 mm', 'Case Thickness:10 mm', 'Watch Shape:Tonneau/Barrel', 'Water Resistance:100 m (10 ATM)', 'Band/Strap:Bracelet', 'Closure:Fold-Over Push-Button Deployant', 'Band Width:22 mm', 'Max Wrist Size:6.26-6.75 in', 'With Manual/Booklet:No', 'With Papers:No', 'Band Color:Silver', 'Band Material:Stainless Steel', 'With Original Box/Packaging:No', 'Caseback:Solid']"
6.2mm Diamond-Cut Pattern Wedding Band 14k Multi-Tone Gold 5.28 Grams Size 8,$349.99,23522043502,Wedding & Anniversary Bands,"['Metal:Multi-Tone Gold / White and Yellow', 'Metal Purity:14k', 'Metal Weight:3.4dwt / 5.28 Grams', 'Type:Wedding/Anniversary Band', 'Ring Size:8', 'Ring Face Height:6.2mm', 'Department:Men']"
"""I Love You"" w/ Flower Bismarck Chain 7"" Bracelet 14k Multi-Tone Gold 2.79 Grams",$199.99,23523032738,Bracelets & Charms,"['Metal:Multi-Tone Gold / Yellow and Rose', 'Metal Purity:14k', 'Metal Weight:1.8dwt / 2.79 Grams', 'Style:Chain', 'Type:Bracelet', 'Chain Type:Bismarck Link', 'Closure:Spring Ring', 'Bracelet Measurement:7"" Length / 9.6mm (Center) / 2.1mm (Chain)', 'Theme:Love']"
Citizen Corso Black Dial Diamond Accent Quartz Stainless Steel Men's Wristwatch,$99.99,23523032599,Wristwatches,"['Brand:Citizen', 'Model:Citizen Corso', 'Reference Number:E111-R007131', 'Type:Wristwatch', 'Department:Men', 'Style:Classic', 'Movement:Quartz', 'Features:Date Indicator', 'Dial Color:Black', 'Bezel Color:Gold', 'Bezel Type:Fixed', 'Display:Analog', 'Indices:Diamond Markers', 'Case Color:Gold', 'Case Material:Stainless Steel', 'Case Finish:Polished', 'Case Size:41 mm', 'Case Thickness:10 mm', 'Watch Shape:Round', 'Water Resistance:100 m (10 ATM)', 'Band/Strap:Bracelet', 'Closure:Fold-Over Push-Button Deployant', 'Band Width:21 mm', 'Max Wrist Size:6.76-7 in', 'With Manual/Booklet:No', 'With Papers:No', 'Band Color:Silver / Gold', 'Band Material:Stainless Steel', 'With Original Box/Packaging:No', 'Caseback:Solid', 'Main Stone:Diamond', 'Main Stone Shape:Round', 'Main Stone Creation:Natural', 'Main Stone Qty:12', 'Est. Carat Weight:.04ctw', 'Diamond Color Grade:H - I', 'Diamond Clarity Grade:I2']"
.12ctw Round Diamond Channel-Set Ribbon Pendant without Chain 14k Yellow Gold,$299.99,23521012637,Necklaces & Pendants,"['Metal:Yellow Gold', 'Metal Purity:14k', 'Metal Weight:2.0dwt / 3.11 Grams', 'Style:Statement', 'Type:Pendant', 'Setting Style:Channel-Set', 'Chain Type:No Chain', 'Main Stone:Diamond', 'Main Stone Shape:Round', 'Main Stone Creation:Natural', 'Main Stone Quantity:3', 'Diamond Color Grade:I - J', 'Diamond Clarity Grade:SI2 - I1', 'Est. Total Carat Weight:.12ctw', 'Pendant Measurement:24mm x 11.7mm']"
.59ctw Diamond Religious Jesus Face Pendant without Chain 10k Multi-Tone Gold,$799.99,23522041894,Necklaces & Pendants,"['Metal:Multi-Tone Gold / Yellow and White', 'Metal Purity:10k (tested)', 'Metal Weight:4.1dwt / 6.37 Grams', 'Style:Statement', 'Type:Pendant', 'Setting Style:Cluster', 'Chain Type:No Chain', 'Pendant Shape:Round', 'Theme:Religious', 'Main Stone:Diamond', 'Main Stone Shape:Round', 'Main Stone Creation:Natural', 'Main Stone Quantity:196', 'Diamond Color Grade:H - I', 'Diamond Clarity Grade:I1 - I2', 'Est. Total Carat Weight:.59ctw', 'Pendant Measurement:37.6mm x 26.8mm']"
Omega Seamaster James Bond Edition Blue Dial Stainless Steel Men's Wristwatch,$2199.99,23521012727,Wristwatches,"['Brand:OMEGA', 'Model:OMEGA Seamaster Diver 300M', 'Reference Number:2531.80.00', 'Type:Wristwatch', 'Department:Men', 'Style:Luxury', 'Movement:Mechanical (Automatic)', 'Features:Date Indicator', 'Dial Color:Blue', 'Dial Pattern:Ocean Wave', 'Bezel Color:Blue', 'Bezel Type:Unidirectional Rotating', 'Display:Analog', 'Indices:Round Indexes', 'Case Color:Silver', 'Case Material:Stainless Steel', 'Case Finish:Brushed', 'Case Size:41 mm', 'Case Thickness:12 mm', 'Watch Shape:Round', 'Water Resistance:300 m (30 ATM)', 'Band/Strap:Bracelet', 'Closure:Fold-Over Push-Button Deployant', 'Band Width:20 mm', 'Max Wrist Size:7.26-7.5 in', 'With Manual/Booklet:No', 'With Papers:No', 'Band Color:Silver', 'Band Material:Stainless Steel', 'With Original Box/Packaging:No', 'Caseback:Solid']"
Rolex Milgauss 40mm Z-Blue Dial Automatic Stainless Steel Men's Wristwatch,$10999.99,23524037302,Wristwatches,"['Brand:Rolex', 'Model:Rolex Milgauss', 'Reference Number:116400GV', 'Type:Wristwatch', 'Department:Men', 'Style:Luxury', 'Movement:Mechanical (Automatic)', 'Features:Sapphire Crystal', 'Dial Color:Blue', 'Bezel Color:Silver', 'Bezel Type:Fixed', 'Display:Analog', 'Indices:Stick Indexes', 'Case Color:Silver', 'Case Material:Stainless Steel', 'Case Finish:Polished', 'Case Size:40 mm', 'Case Thickness:14 mm', 'Watch Shape:Round', 'Water Resistance:100 m (10 ATM)', 'Band/Strap:Rolex Oyster', 'Closure:Deployant', 'Band Width:19 mm', 'Max Wrist Size:6.76-7 in', 'With Manual/Booklet:No', 'With Papers:No', 'Band Color:Silver', 'Band Material:Stainless Steel', 'With Original Box/Packaging:No', 'Caseback:Solid']"
.14ctw Round Cut Diamond Three-Stone Engagement Ring 10k White Gold Size 6.5,$399.99,24122031624,Engagement Rings,"['Brand:Past Present Future', 'Metal:White Gold', 'Metal Purity:10k', 'Metal Weight:2.3dwt / 3.57 Grams', 'Type:Engagement Ring', 'Setting Style:Three-Stone', 'Ring Size:6.5', 'Ring Face Height:7.4mm', 'Department:Women', 'Main Stone:Diamond', 'Main Stone Shape:Round', 'Main Stone Creation:Natural', 'Main Stone Quantity:1', 'Estimated Carat Weight:.04ct', 'Main Stone Width:2.2mm', 'Diamond Color Grade:I - J', 'Diamond Clarity Grade:Included (I1)', 'Secondary Stone:Diamond', 'Secondary Stone Shape:Round', 'Secondary Stone Quantity:2', 'Secondary Stone Estimated Carat Weight:.06ctw', 'Secondary Stone Diamond Color Grade:H - I', 'Secondary Stone Diamond Clarity Grade:I1 - I2', 'Additional Stone:Diamond', 'Additional\xa0Stone Shape:Round', 'Additional\xa0Stone Quantity:26', 'Additional\xa0Stone Estimated Carat Weight:.04ctw', 'Additional\xa0Stone Diamond Color Grade:H - I', 'Additional\xa0Stone Diamond Clarity Grade:I1 - I2', 'Est. Total Carat Weight:.14ctw']"
Shinola The Birdy Mother of Pearl Dial Quartz Stainless Steel Woman's Wristwatch,$449.99,23121035058,Wristwatches,"['Brand:Shinola', 'Model:Shinola The Birdy', 'Reference Number:S0120077932', 'Type:Wristwatch', 'Department:Women', 'Style:Casual', 'Movement:Quartz', 'Features:Date Indicator', 'Dial Color:White', 'Dial Pattern:Mother of Pearl', 'Bezel Color:Silver', 'Bezel Type:Fixed', 'Display:Analog', 'Indices:Arabic Numerals', 'Case Color:Silver', 'Case Material:Stainless Steel', 'Case Finish:Polished', 'Case Size:34 mm', 'Case Thickness:10 mm', 'Watch Shape:Round', 'Water Resistance:50 m (5 ATM)', 'Band/Strap:Bracelet', 'Closure:Hidden Fold Clasp', 'Band Width:8 mm', 'Max Wrist Size:6.76-7 in', 'With Manual/Booklet:No', 'With Papers:No', 'Band Color:Silver', 'Band Material:Stainless Steel', 'With Original Box/Packaging:No', 'Caseback:Screwback']"
.54ctw Round Cut Diamond Prong Set Wedding Band Ring 14k Yellow Gold Size 9,$599.99,24123027240,Wedding & Anniversary Bands,"['Metal:Yellow Gold', 'Metal Purity:14k', 'Metal Weight:3.4dwt / 5.28 Grams', 'Type:Wedding/Anniversary Band', 'Setting Style:Prong', 'Ring Size:9', 'Ring Face Height:8.3mm', 'Department:Men', 'Main Stone:Diamond', 'Main Stone Shape:Round', 'Main Stone Creation:Natural', 'Main Stone Quantity:3', 'Main Stone Width:3.6mm', 'Diamond Color Grade:J - K', 'Diamond Clarity Grade:I1 - I2', 'Est. Total Carat Weight:.54ctw']"
Shinola The Canfield Sport 45mm Black Dial Chronograph Leather Strap Men's Watch,$449.99,23121035057,Wristwatches,"['Brand:Shinola', 'Model:Shinola The Canfield', 'Reference Number:S0120089889', 'Type:Wristwatch', 'Department:Men', 'Style:Classic', 'Movement:Quartz', 'Features:Chronograph', 'Dial Color:Black', 'Bezel Color:Black', 'Bezel Type:Fixed', 'Display:Analog', 'Indices:Arabic Numerals', 'Case Color:Silver', 'Case Material:Stainless Steel', 'Case Finish:Polished', 'Case Size:45 mm', 'Case Thickness:14 mm', 'Watch Shape:Round', 'Water Resistance:50 m (5 ATM)', 'Band/Strap:Two-Piece Strap', 'Closure:Buckle', 'Band Width:22 mm', 'Max Wrist Size:7.6-8 in', 'With Manual/Booklet:No', 'With Papers:No', 'Band Color:Black', 'Band Material:Leather', 'With Original Box/Packaging:No', 'Caseback:Solid']"
Dyed Onyx and Diamond Accent Signet Men's Ring 10k Multi-Tone Gold Size 5.5,$599.99,24123027270,Rings,"['Metal:Multi-Tone Gold / Yellow and White', 'Metal Purity:10k', 'Metal Weight:5.0dwt / 7.77 Grams', 'Type:Ring', 'Setting Style:Solitaire with Accents', 'Style:Signet', 'Ring Size:5.5', 'Ring Face Height:15.5mm', 'Department:Men', 'Main Stone:Onyx', 'Main Stone Shape:Cabochon', 'Main Stone Creation:Natural', 'Main Stone Treatment:Dyed', 'Main Stone Color:Black', 'Main Stone Qty:1', 'Main Stone Measurement:10.3mm x 9.7mm', 'Gemstone Clarity:Opaque', 'Secondary Stone:Diamond', 'Secondary Stone Shape:Round', 'Secondary Stone Creation:Natural', 'Secondary Stone Qty:1', 'Secondary Stone Estimated Carat Weight:.16ct', 'Secondary Stone Width:3.5mm', 'Secondary Stone Diamond Color Grade:H - I', 'Secondary Stone Diamond Clarity Grade:SI2']"
"4.2mm Figaro Link Chain 24.75"" Necklace 14k Yellow Gold 15.08 Grams",$969.99,24123026993,Necklaces & Pendants,"['Metal:Yellow Gold', 'Metal Purity:14k', 'Metal Weight:9.7dwt / 15.08 Grams', 'Style:Chain', 'Type:Necklace', 'Chain Type:Figaro', 'Closure:Lobster', 'Necklace Measurement:24.75"" Length / 4.2mm Width']"
1.26ctw Oval Tanzanite with Diamond Accents Statement Ring 14k White Gold Size 7,$699.99,23524038041,Rings,"['Metal:White Gold', 'Metal Purity:14k', 'Metal Weight:2.3dwt / 3.57 Grams', 'Type:Ring', 'Style:Cocktail', 'Setting Style:Solitaire with Accents', 'Ring Size:7', 'Ring Face Height:13.8mm', 'Department:Women', 'Main Stone:Tanzanite', 'Main Stone Shape:Oval', 'Main Stone Creation:Natural', 'Number of Gemstones:1', 'Est. Carat Weight:1.17ct', 'Main Stone Color:Blue', 'Gemstone Clarity Grade:Loupe Clean', 'Main Stone Measurement:7.6mm x 5.71mm x 3.83mm', 'Secondary Stone:Diamond', 'Secondary Stone Shape:Round', 'Secondary Stone Creation:Natural', 'Number of Diamonds:2', 'Secondary Stone Estimated Carat Weight:0.09ctw', 'Secondary Stone Diamond Color Grade:I - J', 'Secondary Stone Diamond Clarity Grade:Included (I1)', 'Secondary Stone Width:2.3mm / 2.5mm', 'Est. Total Carat Weight:1.26ctw']"
10.3mm Fancy Cut Aquamarine Solitaire Ring 14k Multi-Tone Gold Italy Size 6.75,$599.99,23522043760,Rings,"['Metal:Multi-Tone Gold / White & Yellow', 'Metal Purity:14k', 'Metal Weight:5.6dwt / 8.70 Grams', 'Type:Ring', 'Style:Cocktail', 'Setting Style:Solitaire', 'Ring Size:6.75', 'Ring Face Height:17.2mm', 'Department:Women', 'Main Stone:Aquamarine', 'Main Stone Shape:Fancy', 'Main Stone Creation:Natural', 'Number of Gemstones:1', 'Main Stone Color:Sky Blue', 'Gemstone Clarity Grade:Loupe Clean', 'Main Stone Length:10.3mm x 10.03mm x 6.43mm', 'Country/Region of Manufacture:Italy']"
.34ctw Diamond Solitaire w/ Ruby Accents Engagement Ring 14k Yellow Gold Size 6,$499.99,24122031469,Engagement & Wedding Ring Sets,"['Metal:Yellow Gold', 'Metal Purity:14k', 'Metal Weight:2.6dwt / 4.04 Grams', 'Type:Engagement/Wedding Ring Set', 'Setting Style:Solitaire with Accents', 'Ring Size:6', 'Ring Face Height:8.4mm', 'Department:Women', 'Main Stone:Diamond', 'Main Stone Shape:Round', 'Main Stone Creation:Natural', 'Main Stone Quantity:1', 'Estimated Carat Weight:0.16ct', 'Main Stone Width:3.5mm', 'Diamond Color Grade:G - H', 'Diamond Clarity Grade:Slightly Included (SI1)', 'Secondary Stone:Diamond', 'Secondary Stone Shape:Round', 'Secondary Stone Creation:Natural', 'Secondary Stone Quantity:2', 'Secondary Stone Estimated Carat Weight:0.06ctw', 'Secondary Stone Diamond Color Grade:G - H', 'Secondary Stone Diamond Clarity Grade:SI2 - I1', 'Additional Stone:Ruby', 'Additional\xa0Stone Shape:Marquise', 'Additional\xa0Stone Creation:Natural', 'Additional Stone Color:Purplish Red', 'Additional\xa0Stone Quantity:2', 'Additional\xa0Stone Estimated Carat Weight:0.12ctw', 'Gemstone Clarity Grade:Moderately Included', 'Est. Total Carat Weight:.34ctw']"
Truly Zac Posen 1.71ctw Morganite & Diamond Halo Ring 14k Multi-Tone Gold Size 7,$899.99,23524038043,Rings,"['Brand:Truly Zac Posen', 'Metal:Multi-Tone Gold / Yellow & Rose', 'Metal Purity:14k', 'Metal Weight:3.6dwt / 5.59 Grams', 'Type:Ring', 'Style:Cocktail', 'Setting Style:Halo', 'Ring Size:7', 'Ring Face Height:14.8mm', 'Department:Women', 'Main Stone:Morganite', 'Main Stone Shape:Cushion (Rectangular Antique)', 'Main Stone Creation:Natural', 'Number of Gemstones:1', 'Est. Carat Weight:1.21ct', 'Main Stone Color:Pink', 'Gemstone Clarity Grade:Slightly Included', 'Main Stone Measurement:7.95mm x 6.09mm x 4.11mm', 'Secondary Stone:Diamond', 'Secondary Stone Shape:Round', 'Secondary Stone Creation:Natural', 'Number of Diamonds:64', 'Secondary Stone Estimated Carat Weight:0.50ctw', 'Secondary Stone Diamond Color Grade:G - H', 'Secondary Stone Diamond Clarity Grade:Included (I1 - I2)', 'Est. Total Carat Weight:1.71ctw']"
Tag Heuer Carrera Calibre 5 Blue Dial Automatic Stainless Steel Men's Wristwatch,$1299.99,90215010870,Wristwatches,"['Brand:TAG Heuer', 'Model:TAG Heuer Carrera', 'Reference Number:WBN2112', 'Type:Wristwatch', 'Style:Luxury', 'Department:Men', 'Movement:Mechanical (Automatic)', 'Number of Jewels:26 Jewels', 'Features:Date Indicator', 'Dial Color:Blue', 'Bezel Color:Silver', 'Bezel Type:Fixed', 'Display:Analog', 'Indices:Stick Indexes', 'Case Material:Stainless Steel', 'Case Finish:Polished', 'Case Size:39mm', 'Case Thickness:12mm', 'Watch Shape:Round', 'Water Resistance:100 m (10 ATM)', 'Band/Strap:Bracelet', 'Closure:Fold-Over Push-Button Deployant', 'Band Width:19mm', 'Max Wrist Size:7.6-8 in', 'With Manual/Booklet:No', 'With Papers:No', 'Band Color:Silver', 'Band Material:Stainless Steel', 'With Original Box/Packaging:Yes', 'Caseback:Exhibition']"
.32ctw Round Cut Diamond Solitaire Stud Pair Earrings 14k Yellow Gold .93 Grams,$299.99,24123026985,Earrings,"['Metal:Yellow Gold', 'Metal Purity:14k', 'Metal Weight:.6dwt / .93 Grams', 'Type:Earrings', 'Style:Stud', 'Setting Style:Solitaire', 'Closure:Rubber Earring Backs', 'Main Stone:Diamond', 'Main Stone Shape:Round', 'Main Stone Creation:Natural', 'Main Stone Quantity:2', 'Main Stone Width:3.5mm / 3.55mm', 'Diamond Color Grade:H - I', 'Diamond Clarity Grade:I1 - I2', 'Est. Total Carat Weight:.32ctw', 'Earring Measurement:5.8mm x 5.3mm']"
.85ctw Round Cut Diamond Channel-Set Wedding Band Ring 14k Yellow Gold Size 5.5,$799.99,24123027254,Wedding & Anniversary Bands,"['Metal:Yellow Gold', 'Metal Purity:14k', 'Metal Weight:3.2dwt / 4.97 Grams', 'Type:Wedding/Anniversary Band', 'Setting Style:Channel-Set', 'Ring Size:5.5', 'Ring Face Height:6mm', 'Department:Women', 'Main Stone:Diamond', 'Main Stone Shape:Round', 'Main Stone Creation:Natural', 'Main Stone Quantity:5', 'Main Stone Width:3.6mm', 'Diamond Color Grade:I - J', 'Diamond Clarity Grade:I1 - I2', 'Est. Total Carat Weight:.85ctw']"
.33ct Princess Cut Diamond Solitaire Pendant without Chain 14k Yellow Gold,$299.99,24123027267,Necklaces & Pendants,"['Metal:Yellow Gold', 'Metal Purity:14k (tested)', 'Metal Weight:.2dwt / .31 Grams', 'Style:Statement', 'Type:Pendant', 'Setting Style:Solitaire', 'Chain Type:No Chain', 'Main Stone:Diamond', 'Main Stone Shape:Princess', 'Main Stone Creation:Natural', 'Main Stone Quantity:1', 'Main Stone Length:3.7mm', 'Main Stone Width:3.8mm', 'Diamond Color Grade:H', 'Diamond Clarity Grade:Included (I1)', 'Est. Total Carat Weight:.33ct', 'Pendant Measurement:11.4mm x 6.8mm']"
45.5mm Guan Gong Warrior Pendant without Chain 24k Yellow Gold 20.37 Grams,$2199.90,23521012739,Necklaces & Pendants,"['Metal:Yellow Gold', 'Metal Purity:24k (tested 24.00k / 99.99%)', 'Metal Weight:13.1dwt / 20.37 Grams', 'Style:Statement', 'Type:Pendant', 'Chain Type:No Chain', 'Pendant Shape:Rectangle', 'Pendant Measurement:45.5mm x 25.8mm']"
"1mm Serpentine Link Chain 15"" Necklace 14k Yellow Gold 1.08 Grams",$99.99,23721049298,Necklaces & Pendants,"['Metal:Yellow Gold', 'Metal Purity:14k', 'Metal Weight:0.7dwt / 1.08 Grams', 'Type:Necklace', 'Style:Chain', 'Chain Type:Serpentine', 'Closure:Spring Ring', 'Necklace Measurement:15"" Length / 1mm Width']"
"1.5"" Religious Crucifix Cross Pendant without Chain 14k Rose Gold 1.08 Grams",$99.99,24322047121,Necklaces & Pendants,"['Metal:Rose Gold', 'Metal Purity:14k', 'Metal Weight:0.7dwt / 1.08 Grams', 'Style:Statement', 'Type:Pendant', 'Pendant Shape:Cross', 'Theme:Religious', 'Chain Type:No Chain', 'Pendant Measurement:1.5"" x 0.75""']"
"3.9mm Anchor Link Chain 20.25"" Necklace 10k Yellow Gold Italy 5.44 Grams",$249.99,24321034673,Necklaces & Pendants,"['Metal:Yellow Gold', 'Metal Purity:10k', 'Metal Weight:3.5dwt / 5.44 Grams', 'Style:Chain', 'Type:Necklace', 'Chain Type:Anchor/Mariner', 'Closure:Lobster', 'Country/Region of Manufacture:Italy', 'Necklace Measurement:20.25"" Length / 3.9mm Width']"
1998 American Eagle Coin Signet Statement Ring 10k Yellow Gold Size 11.25,$649.99,23622034465,Rings,"['Metal:Yellow Gold', 'Metal Purity:10k', 'Metal Weight:6.3dwt / 9.79 Grams', 'Type:Ring', 'Style:Signet', 'Theme:Coins & Money', 'Ring Size:11.25', 'Ring Face Height:19.3mm', 'Department:Men']"
1.7mm Polished Classic Wedding Band Ring 14k Yellow Gold 1.24 Grams Size 6.5,$89.99,24322046095,Wedding & Anniversary Bands,"['Metal:Yellow Gold', 'Metal Purity:14k', 'Metal Weight:0.8dwt / 1.24 Grams', 'Type:Wedding/Anniversary Band', 'Ring Size:6.5', 'Ring Face Height:1.7mm', 'Department:Unisex Adults']"
.07ctw Round Cut Diamond Prong Set Wedding Band Ring 10k White Gold Size 8,$199.99,24521051540,Wedding & Anniversary Bands,"['Metal:White Gold', 'Metal Purity:10k (tested)', 'Metal Weight:1.3dwt / 2.02 Grams', 'Type:Wedding/Anniversary Band', 'Setting Style:Prong', 'Ring Size:8', 'Ring Face Height:5.9mm', 'Department:Men', 'Main Stone:Diamond', 'Main Stone Shape:Round', 'Main Stone Creation:Natural', 'Main Stone Quantity:10', 'Diamond Color Grade:I - J', 'Diamond Clarity Grade:I1 - I2', 'Est. Total Carat Weight:.07ctw']"
.46ctw Diamond Solitaire with Accents Engagement Ring 14k Multi-Tone Gold Size 7,$799.99,23522043065,Engagement Rings,"['Metal:Multi-Tone Gold / Rose and White', 'Metal Purity:14k', 'Metal Weight:2.5dwt / 3.88 Grams', 'Type:Engagement Ring', 'Setting Style:Solitaire with Accents', 'Ring Size:7', 'Ring Face Height:8.6mm', 'Department:Women', 'Main Stone:Diamond', 'Main Stone Shape:Round', 'Main Stone Creation:Natural', 'Main Stone Quantity:1', 'Estimated Carat Weight:0.29ct', 'Diamond Color Grade:G - H', 'Diamond Clarity Grade:Included (I2)', 'Main Stone Width:4.31mm', 'Secondary Stone:Diamond', 'Secondary Stone Shape:Round', 'Secondary Stone Creation:Natural', 'Secondary Stone Quantity:2', 'Secondary Stone Estimated Carat Weight:0.11ctw', 'Secondary Stone Diamond Color Grade:G - H', 'Secondary Stone Diamond Clarity Grade:Included (I1 - I2)', 'Secondary Stone Width:2.48mm', 'Additional Stone:Diamond', 'Additional\xa0Stone Shape:Round', 'Additional\xa0Stone Creation:Natural', 'Additional\xa0Stone Quantity:20', 'Additional\xa0Stone Estimated Carat Weight:0.06ctw', 'Additional\xa0Stone Diamond Color Grade:H - I', 'Additional\xa0Stone Diamond Clarity Grade:Included (I1 - I2)', 'Est. Total Carat Weight:0.46ctw']"
"5mm Diamond Cut Anchor Link Chain 21.5"" Necklace 14k Multi-Tone Gold 20.68 Grams",$1299.99,23523032569,Necklaces & Pendants,"['Metal:Multi-Tone Gold / White & Yellow', 'Metal Purity:14k', 'Metal Weight:13.3dwt / 20.68 Grams', 'Type:Necklace', 'Style:Chain', 'Chain Type:Anchor/Mariner', 'Closure:Lobster', 'Country/Region of Manufacture:Italy', 'Necklace Measurement:21.5"" Length / 5mm Width']"
".26ctw Round Diamond Graduated Pendant on 20"" Necklace 10k Rose Gold 3.57 Grams",$299.99,23121035078,Necklaces & Pendants,"['Metal:Rose Gold', 'Metal Purity:10k', 'Metal Weight:2.3dwt / 3.57 Grams', 'Style:Pendant', 'Type:Necklace', 'Setting Style:Prong', 'Chain Type:Wheat Link', 'Closure:Lobster', 'Country/Region of Manufacture:Italy (chain)', 'Features:Adjustable Bolo', 'Main Stone:Diamond', 'Main Stone Shape:Round', 'Main Stone Creation:Natural', 'Main Stone Quantity:5', 'Estimated Carat Weight:.24ctw', 'Diamond Color Grade:I - J', 'Diamond Clarity Grade:Included (I1 - I3)', 'Secondary Stone:Diamond', 'Secondary Stone Shape:Round', 'Secondary Stone Creation:Natural', 'Secondary Stone Quantity:5', 'Secondary Stone Estimated Carat Weight:.02ctw', 'Secondary Stone Diamond Color Grade:I - J', 'Secondary Stone Diamond Clarity Grade:I1 - I3', 'Est. Total Carat Weight:.26ctw', 'Necklace Measurement:20"" Length / 1.0mm Width', 'Pendant Measurement:24.3mm x 2.9mm']"
6mm Diamond Cut Pattern Wedding Band Ring 14k Yellow Gold 8.24 Grams Size 8.5,$509.99,25225030824,Wedding & Anniversary Bands,"['Metal:Yellow Gold', 'Metal Purity:14k', 'Metal Weight:5.3dwt / 8.24 Grams', 'Type:Wedding/Anniversary Band', 'Ring Size:8.5', 'Ring Face Height:6mm', 'Department:Men']"
"3.8mm Herringbone Link Chain 18.25"" Necklace 14k Yellow Gold Italy 13.68 Grams",$899.99,25123047893,Necklaces & Pendants,"['Metal:Yellow Gold', 'Metal Purity:14k', 'Metal Weight:8.8dwt / 13.68 Grams', 'Style:Chain', 'Type:Necklace', 'Chain Type:Herringbone', 'Closure:Lobster', 'Country/Region of Manufacture:Italy', 'Necklace Measurement:18.25"" Length / 3.8mm Width']"
7mm Diamond Cut Wedding Band Ring 14k Multi-Tone Gold 8.24 Grams Size 10.5,$499.99,24523036511,Wedding & Anniversary Bands,"['Metal:Multi-Tone Gold / White & Yellow', 'Metal Purity:14k', 'Metal Weight:5.3dwt / 8.24 Grams', 'Type:Wedding/Anniversary Band', 'Ring Size:10.5', 'Ring Face Height:7mm', 'Department:Men']"
"2mm Rope Link Chain 18"" Necklace 14k Yellow Gold Indonesia 6.37 Grams",$399.99,23823025825,Necklaces & Pendants,"['Metal:Yellow Gold', 'Metal Purity:14k', 'Metal Weight:4.1dwt / 6.37 Grams', 'Style:Chain', 'Type:Necklace', 'Chain Type:Rope', 'Closure:Lobster', 'Country/Region of Manufacture:Indonesia', 'Necklace Measurement:18"" Length / 2mm Width']"
3.0mm Polished Classic Wedding Band Ring 14k Yellow Gold 2.95 Grams Size 8,$219.99,25121043322,Wedding & Anniversary Bands,"['Metal:Yellow Gold', 'Metal Purity:14k', 'Metal Weight:1.9dwt / 2.95 Grams', 'Type:Wedding/Anniversary Band', 'Ring Size:8', 'Ring Face Height:3.0mm', 'Department:Men']"
"3.8mm Figaro Link Chain 25.75"" Necklace 14k Yellow Gold 9.64 Grams",$574.99,25223039348,Necklaces & Pendants,"['Metal:Yellow Gold', 'Metal Purity:14k', 'Metal Weight:6.2dwt / 9.64 Grams', 'Style:Chain', 'Type:Necklace', 'Chain Type:Figaro', 'Closure:Lobster', 'Necklace Measurement:25.75"" Length / 3.8mm Width']"
18.5mm Polished American Flag Pendant without Chain 14k Yellow Gold 1.08 Grams,$79.99,25522022989,Necklaces & Pendants,"['Metal:Yellow Gold', 'Metal Purity:14k', 'Metal Weight:0.7dwt / 1.08 Grams', 'Type:Pendant', 'Style:Statement', 'Theme:Flags & Political', 'Chain Type:No Chain', 'Pendant Shape:Flag', 'Pendant Measurement:18.5mm Length / 15.2mm Width']"
"2.8mm Elongated Curb Link Chain 20.5"" Necklace 14k Yellow Gold Italy 7.15 Grams",$449.99,23722037371,Necklaces & Pendants,"['Metal:Yellow Gold', 'Metal Purity:14k', 'Metal Weight:4.6dwt / 7.15 Grams', 'Style:Chain', 'Type:Necklace', 'Chain Type:Elongated Curb Link', 'Closure:Lobster', 'Country/Region of Manufacture:Italy', 'Necklace Measurement:20.5"" Length / 2.8mm Width']"
"4mm Fancy Link Chain 6.5"" Bracelet 14k Yellow Gold 6.68 Grams",$499.99,25523047297,Bracelets & Charms,"['Metal:Yellow Gold', 'Metal Purity:14k', 'Metal Weight:4.3dwt / 6.68 Grams', 'Type:Bracelet', 'Style:Chain', 'Chain Type:Fancy', 'Closure:Box', 'Bracelet Measurement:6.5"" Length / 4mm Width']"
"4.1mm Herringbone Link Chain 7"" Bracelet 14k Yellow Gold Italy 4.66 Grams",$349.99,23721049198,Bracelets & Charms,"['Metal:Yellow Gold', 'Metal Purity:14k', 'Metal Weight:3.0dwt / 4.66 Grams', 'Style:Chain', 'Type:Bracelet', 'Chain Type:Herringbone', 'Closure:Box', 'Country/Region of Manufacture:Italy', 'Bracelet Measurement:7"" Length / 4.1mm Width']"
"3mm Diamond Cut Mariner Link Chain 24.5"" Necklace 10k Multi-Tone Gold 5.59 Grams",$299.99,25522022757,Necklaces & Pendants,"['Metal:Multi-Tone Gold / Rose, White, & Yellow', 'Metal Purity:10k', 'Metal Weight:3.6dwt / 5.59 Grams', 'Type:Necklace', 'Style:Chain', 'Chain Type:Anchor/Mariner', 'Closure:Lobster', 'Necklace Measurement:24.5"" Length / 3mm Width']"
.16ctw Round Cut Diamond Prong Set Wedding Band Ring 10k White Gold Size 6.5,$199.99,90218007684,Wedding & Anniversary Bands,"['Metal:White Gold', 'Metal Purity:10k (tested)', 'Metal Weight:.8dwt / 1.24 Grams', 'Type:Wedding/Anniversary Band', 'Setting Style:Prong', 'Ring Size:6.5', 'Ring Face Height:2.7mm', 'Department:Women', 'Main Stone:Diamond', 'Main Stone Shape:Round', 'Main Stone Creation:Natural', 'Main Stone Quantity:13', 'Diamond Color Grade:H - I', 'Diamond Clarity Grade:I2 - I3', 'Est. Total Carat Weight:.16ctw']"
"1.75"" Religious Crucifix Cross Pendant w/o Chain 14k Multi-Tone Gold 3.42 Grams",$249.99,24323027811,Necklaces & Pendants,"['Metal:Multi-Tone Gold / Yellow, Rose', 'Metal Purity:14k', 'Metal Weight:2.2dwt / 3.42 Grams', 'Style:Statement', 'Type:Pendant', 'Pendant Shape:Cross', 'Theme:Religious', 'Chain Type:No Chain', 'Pendant Measurement:1.75"" x 23.4mm']"
"2.0mm Rope Link Chain 18"" Necklace 14k Yellow Gold 6.37 Grams",$399.99,24323027891,Necklaces & Pendants,"['Metal:Yellow Gold', 'Metal Purity:14k', 'Metal Weight:4.1dwt / 6.37 Grams', 'Style:Chain', 'Type:Necklace', 'Chain Type:Rope', 'Closure:Lobster', 'Necklace Measurement:18"" Length / 2.0mm Width']"
"18.9mm Fancy Link Chain 7.5"" Bangle Bracelet 14k Yellow Gold Italy 19.59 Grams",$1199.99,24322047449,Bracelets & Charms,"['Metal:Yellow Gold', 'Metal Purity:14k', 'Metal Weight:12.6dwt / 19.59 Grams', 'Style:Bangle', 'Type:Bracelet', 'Chain Type:Fancy Link', 'Closure:Box', 'Country/Region of Manufacture:Italy', 'Bracelet Measurement:7.5"" Length / 18.9mm Width']"
.96ctw Round Cut Diamond Halo Wedding Set Rings 14k White Gold Size 6.75,$699.99,23821047693,Engagement & Wedding Ring Sets,"['Metal:White Gold', 'Metal Purity:14k', 'Metal Weight:3.0dwt / 4.66 Grams', 'Type:Engagement/Wedding Ring Set', 'Setting Style:Halo', 'Ring Size:6.75', 'Ring Face Height:8.2mm', 'Department:Women', 'Main Stone:Diamond', 'Main Stone Shape:Round', 'Main Stone Creation:Natural', 'Main Stone Quantity:1', 'Estimated Carat Weight:0.20ct', 'Diamond Color Grade:G - H', 'Diamond Clarity Grade:Included (I2)', 'Main Stone Width:3.84mm', 'Secondary Stone:Diamond', 'Secondary Stone Shape:Round', 'Secondary Stone Creation:Natural', 'Secondary Stone Quantity:36', 'Secondary Stone Estimated Carat Weight:0.76ctw', 'Secondary Stone Diamond Color Grade:G - H', 'Secondary Stone Diamond Clarity Grade:Included (I2 - I3)', 'Est. Total Carat Weight:0.96ctw']"
"Air Solid 6.5mm Figaro Link Chain 22"" Necklace 10k Yellow Gold Italy 8.86 Grams",$419.99,23621000755,Necklaces & Pendants,"['Brand:Air Solid', 'Metal:Yellow Gold', 'Metal Purity:14k', 'Metal Weight:5.7dwt / 8.86 Grams', 'Type:Necklace', 'Style:Chain', 'Chain Type:Figaro', 'Closure:Lobster', 'Country/Region of Manufacture:Italy', 'Necklace Measurement:22"" Length / 6.5mm Width']"
.91ctw Round Cut Diamond Channel-Set Wedding Band Ring 14k White Gold Size 9.25,$699.99,24521052408,Wedding & Anniversary Bands,"['Metal:White Gold', 'Metal Purity:14k', 'Metal Weight:4.5dwt / 6.99 Grams', 'Type:Wedding/Anniversary Band', 'Setting Style:Channel-Set', 'Ring Size:9.25', 'Ring Face Height:5.5mm', 'Department:Men', 'Main Stone:Diamond', 'Main Stone Shape:Round', 'Main Stone Creation:Natural', 'Main Stone Quantity:7', 'Main Stone Width:3.25mm', 'Diamond Color Grade:H - I', 'Diamond Clarity Grade:I1 - I2', 'Est. Total Carat Weight:.91ctw']"
.14ctw Round Cut Diamond Channel-Set Wedding Band Ring 14k Yellow Gold Size 7.5,$499.99,23524038044,Wedding & Anniversary Bands,"['Metal:Yellow Gold', 'Metal Purity:14k', 'Metal Weight:3.7dwt / 5.75 Grams', 'Type:Wedding/Anniversary Band', 'Setting Style:Channel-Set', 'Ring Size:7.5', 'Ring Face Height:7.9mm', 'Department:Women', 'Main Stone:Diamond', 'Main Stone Shape:Round', 'Main Stone Creation:Natural', 'Number of Diamonds:6', 'Diamond Color Grade:I - J', 'Diamond Clarity Grade:SI2 - I1', 'Est. Total Carat Weight:0.14ctw']"
4.3mm Polished Classic Wedding Band Ring 14k White Gold 4.35 Grams Size 10.5,$277.29,23623045106,Wedding & Anniversary Bands,"['Metal:White Gold', 'Metal Purity:14k', 'Metal Weight:2.8dwt / 4.35 Grams', 'Type:Wedding/Anniversary Band', 'Ring Size:10.5', 'Ring Face Height:4.3mm', 'Department:Men']"
36mm Guitar Musical Instrument Pendant without Chain 10k Yellow Gold 1.55 Grams,$129.99,23121035142,Necklaces & Pendants,"['Metal:Yellow Gold', 'Metal Purity:10k', 'Metal Weight:1.0dwt / 1.55 Grams', 'Style:Statement', 'Type:Pendant', 'Theme:Music & Dance', 'Chain Type:No Chain', 'Pendant Measurement:25.0mm x 36.0mm']"
.39ctw Diamond Solitaire with Accents Engagement Ring 14k White Gold Size 6.75,$699.99,24521052406,Wedding & Anniversary Bands,"['Metal:White Gold', 'Metal Purity:14k', 'Metal Weight:4.5dwt / 6.99 Grams', 'Type:Wedding/Anniversary Band', 'Setting Style:Solitaire with Accents', 'Ring Size:6.75', 'Ring Face Height:6mm', 'Department:Women', 'Main Stone:Diamond', 'Main Stone Shape:Round', 'Main Stone Quantity:1', 'Estimated Carat Weight:0.37ct', 'Diamond Color Grade:G - H', 'Diamond Clarity Grade:Included (I2)', 'Main Stone Width:4.66mm', 'Secondary Stone:Diamond', 'Secondary Stone Shape:Round', 'Secondary Stone Creation:Natural', 'Secondary Stone Quantity:1', 'Secondary Stone Estimated Carat Weight:0.02ct', 'Secondary Stone Diamond Color Grade:H - I', 'Secondary Stone Diamond Clarity Grade:Included (I2 - I3)', 'Est. Total Carat Weight:0.39ctw']"
"2mm Rope Link Chain 7"" Bracelet 14k Yellow Gold 2.48 Grams",$199.99,23722037373,Bracelets & Charms,"['Metal:Yellow Gold', 'Metal Purity:14k', 'Metal Weight:1.6dwt / 2.48 Grams', 'Type:Bracelet', 'Style:Chain', 'Chain Type:Rope', 'Closure:Barrel', 'Bracelet Measurement:7"" Length / 2mm Width']"
"Religious Crucifix Cross Pendant on 20.25"" Necklace 14k Yellow Gold 4.50 Grams",$299.99,25123046834,Necklaces & Pendants,"['Brand:Michael Anthony (Chain)', 'Metal:Yellow Gold', 'Metal Purity:14k', 'Metal Weight:2.9dwt / 4.50 Grams', 'Style:Pendant', 'Type:Necklace', 'Pendant Shape:Cross', 'Theme:Religious', 'Chain Type:Rope', 'Closure:Lobster', 'Necklace Measurement:20.25"" Length / 2.4mm Width', 'Pendant Measurement:33.0mm x 17.2mm']"
"2.0mm Rope Link Chain 18.25"" Necklace 14k Yellow Gold 7.77 Grams",$499.99,25123047846,Necklaces & Pendants,"['Metal:Yellow Gold', 'Metal Purity:14k (Tested)', 'Metal Weight:5.0dwt / 7.77 Grams', 'Style:Chain', 'Type:Necklace', 'Chain Type:Rope', 'Closure:Lobster', 'Necklace Measurement:18.25"" Length / 2.0mm Width']"
"2mm Cuban Link Chain 24.5"" Necklace 18k Yellow Gold 8.39 Grams",$699.99,23722037393,Necklaces & Pendants,"['Metal:Yellow Gold', 'Metal Purity:18k', 'Metal Weight:5.4dwt / 8.39 Grams', 'Type:Necklace', 'Style:Chain', 'Chain Type:Cuban Link', 'Closure:Spring Ring', 'Necklace Measurement:24.5"" Length / 2mm Width']"
"10mm Fancy Link Chain 7"" Bracelet 14k Yellow Gold USA 27.67 Grams",$1799.99,25123046684,Bracelets & Charms,"['Metal:Yellow Gold', 'Metal Purity:14k', 'Metal Weight:17.8dwt / 27.67 Grams', 'Style:Chain', 'Type:Bracelet', 'Chain Type:Fancy Link', 'Closure:Box', 'Country/Region of Manufacture:United States', 'Bracelet Measurement:7"" Length / 10.0mm Width']"
"4.6mm Diamond-Cut Curb Link Chain 8.75"" Bracelet 14k Multi-Tone Gold 5.13 Grams",$349.99,25223040319,Bracelets & Charms,"['Metal:Multi-Tone Gold / Yellow and White', 'Metal Purity:14k', 'Metal Weight:3.3dwt / 5.13 Grams', 'Style:Chain', 'Type:Bracelet', 'Chain Type:Curb Link', 'Closure:Lobster', 'Bracelet Measurement:8.75"" Length / 4.6mm Width']"
"1.75"" Religious Filigree Cross Pendant without Chain 14k Yellow Gold 2.17 Grams",$149.99,23721049289,Necklaces & Pendants,"['Metal:Yellow Gold', 'Metal Purity:14k', 'Metal Weight:1.4dwt / 2.17 Grams', 'Style:Statement', 'Type:Pendant', 'Pendant Shape:Cross', 'Theme:Religious', 'Chain Type:No Chain', 'Pendant Measurement:1 3/4"" x 7/8""']"
21.5mm Diamond Cut Rose and Heart Pendant w/o Chain 14k Yellow Gold 1.24 Grams,$99.99,25523047358,Necklaces & Pendants,"['Brand:Michael Anthony', 'Metal:Yellow Gold', 'Metal Purity:14k', 'Metal Weight:0.8dwt / 1.24 Grams', 'Type:Pendant', 'Style:Statement', 'Theme:Love', 'Chain Type:No Chain', 'Pendant Shape:Heart', 'Pendant Measurement:21.5mm Length / 17.3mm Width']"
"1.0mm Serpentine Link Chain 14.5"" Necklace 14k Yellow Gold Italy 1.39 Grams",$99.99,23721049291,Necklaces & Pendants,"['Metal:Yellow Gold', 'Metal Purity:14k', 'Metal Weight:0.9dwt / 1.39 Grams', 'Style:Chain', 'Type:Necklace', 'Chain Type:Serpentine', 'Closure:Spring Ring', 'Country/Region of Manufacture:Italy', 'Necklace Measurement:14.5"" Length / 1.0mm Width']"
22.5mm Polished and Brushed XO Drop Pair Earrings 14k Yellow Gold 1.55 Grams,$119.99,25523047282,Earrings,"['Metal:Yellow Gold', 'Metal Purity:14k', 'Metal Weight:1.0dwt / 1.55 Grams', 'Type:Earrings', 'Style:Dangle/Drop', 'Closure:Butterfly', 'Earring Measurement:22.5mm Length / 7.8mm Width']"
.54ct Heart-Shaped Tourmaline Solitaire Statement Ring Platinum Size 7,$399.99,23823025300,Rings,"['Metal:Platinum', 'Metal Purity:950 (tested)', 'Metal Weight:2.3dwt / 3.57 Grams', 'Type:Ring', 'Setting Style:Solitaire', 'Ring Size:7', 'Ring Face Height:6.2mm', 'Department:Women', 'Main Stone:Tourmaline', 'Main Stone Shape:Heart', 'Main Stone Creation:Natural', 'Main Stone Color:Medium Dark Purplish Pink', 'Main Stone Qty:1', 'Gemstone Clarity Grade:Slightly Included (some wear)', 'Est. Total Carat Weight:.54ct (loose weight)']"
"2.0mm Rope Link Chain 21.5"" Necklace 14k Yellow Gold 7.15 Grams",$449.99,23721049284,Necklaces & Pendants,"['Metal:Yellow Gold', 'Metal Purity:14k', 'Metal Weight:4.6dwt / 7.15 Grams', 'Style:Chain', 'Type:Necklace', 'Chain Type:Rope', 'Closure:Barrel', 'Necklace Measurement:21.5"" Length / 2.0mm Width']"
Invicta Pro Diver Abalone Dial Diamond Accent Stainless Steel Men's Wristwatch,$199.99,23524038276,Wristwatches,"['Brand:Invicta', 'Model:Invicta Pro Diver', 'Reference Number:37403', 'Type:Wristwatch', 'Department:Men', 'Movement:Quartz', 'Features:Diamond Accent', 'Style:Diver', 'Dial Color:Green', 'Dial Pattern:Abalone', 'Bezel Color:Black', 'Bezel Type:Unidirectional Rotating', 'Display:Analog', 'Indices:Diamond Markers', 'Case Color:Gold', 'Case Material:Stainless Steel', 'Case Finish:Polished', 'Case Size:47mm', 'Case Thickness:14mm', 'Watch Shape:Round', 'Water Resistance:200 m (20 ATM)', 'Band/Strap:Bracelet', 'Closure:Double-Locking Fold-Over Clasp', 'Band Width:22mm', 'Max Wrist Size:6.26-6.75 in', 'With Manual/Booklet:No', 'With Papers:No', 'Band Color:Gold', 'Band Material:Stainless Steel', 'With Original Box/Packaging:No', 'Caseback:Solid', 'Main Stone:Diamond', 'Main Stone Shape:Round', 'Main Stone Creation:Natural', 'Main Stone Qty:8', 'Est. Carat Weight:.04ctw', 'Diamond Color Grade:K - L', 'Diamond Clarity Grade:I2 - I3']"
.40ctw Round Cut Garnet with Accents Statement Ring 14k Yellow Gold Size 8.75,$399.99,23823025495,Rings,"['Metal:Yellow Gold', 'Metal Purity:14k', 'Metal Weight:3.1dwt / 4.82 Grams', 'Type:Ring', 'Style:Cocktail', 'Setting Style:Solitaire with Accents', 'Ring Size:8.75', 'Ring Face Height:15.2mm', 'Department:Women', 'Main Stone:Garnet', 'Main Stone Shape:Round', 'Main Stone Creation:Natural', 'Main Stone Qty:1', 'Est. Carat Weight:0.22ct', 'Main Stone Color:Medium Dark Brownish Red', 'Gemstone Clarity Grade:Slightly Included / some wear', 'Main Stone Width:3.69mm', 'Secondary Stone:Garnet', 'Secondary Stone Shape:Round', 'Secondary Stone Creation:Natural', 'Secondary Stone Qty:6', 'Secondary Stone Estimated Carat Weight:0.18ctw', 'Secondary\xa0Stone Color:Medium Dark Brownish Red', 'Secondary Gemstone Clarity Grade:Slightly - Moderately Included / some wear', 'Secondary\xa0Stone Width:2mm Average', 'Est. Total Carat Weight:0.40ctw']"
.38ct Round Cut Diamond Solitaire Engagement Ring 14k Yellow Gold Size 5.5,$699.99,23821047629,Engagement Rings,"['Metal:Yellow Gold', 'Metal Purity:14k', 'Metal Weight:2.2dwt / 3.42 Grams', 'Type:Engagement Ring', 'Setting Style:Solitaire', 'Ring Size:5.5', 'Ring Face Height:4.7mm', 'Department:Women', 'Main Stone:Diamond', 'Main Stone Shape:Round', 'Main Stone Creation:Natural', 'Number of Diamonds:1', 'Diamond Color Grade:F - G', 'Diamond Clarity Grade:Included (I1)', 'Est. Total Carat Weight:.38ct']"
"3.1mm Popcorn Link Chain 17.75"" Necklace 21k Yellow Gold 14.15 Grams",$1399.99,23522043495,Necklaces & Pendants,"['Metal:Yellow Gold', 'Metal Purity:21k', 'Metal Weight:9.1dwt / 14.15 Grams', 'Style:Chain', 'Type:Necklace', 'Chain Type:Popcorn', 'Closure:Lobster', 'Necklace Measurement:17.75"" Length / 3.1mm Width']"
"3.1mm Fancy Link Chain 22.75"" Necklace 24k Yellow Gold 45.87 Grams",$4999.99,23521012738,Necklaces & Pendants,"['Metal:Yellow Gold', 'Metal Purity:24k (tested 23.72k)', 'Metal Weight:29.5dwt / 45.87 Grams', 'Style:Chain', 'Type:Necklace', 'Chain Type:Fancy Link', 'Closure:Hook', 'Necklace Measurement:22.75"" Length / 3.1mm Width']"
"8.5mm Curb Link Chain 9.25"" Bracelet 10k Yellow Gold T端rkiye 19.43 Grams",$899.99,23523032093,Bracelets & Charms,"['Brand:Midas', 'Metal:Yellow Gold', 'Metal Purity:10k', 'Metal Weight:12.5dwt / 19.43 Grams', 'Style:Chain', 'Type:Bracelet', 'Chain Type:Curb Link', 'Closure:Lobster', 'Country/Region of Manufacture:T端rkiye', 'Bracelet Measurement:9.25"" Length / 8.5mm Width']"
.17ctw Round Cut Diamond Prong Set Wedding Band Ring 14k White Gold Size 7.25,$199.99,90218007668,Wedding & Anniversary Bands,"['Metal:White Gold', 'Metal Purity:14k', 'Metal Weight:1.1dwt / 1.71 Grams', 'Type:Wedding/Anniversary Band', 'Setting Style:Prong', 'Ring Size:7.25', 'Ring Face Height:1.8mm', 'Department:Women', 'Main Stone:Diamond', 'Main Stone Shape:Round', 'Main Stone Creation:Natural', 'Main Stone Quantity:22', 'Main Stone Width:1.15mm', 'Diamond Color Grade:I - J', 'Diamond Clarity Grade:Included (I2)', 'Est. Total Carat Weight:.17ctw']"
LEO速 .76ctw Round Cut Diamond Halo Wedding Set Rings 14k White Gold Size 9.5,$899.99,25521049658,Engagement & Wedding Ring Sets,"['Brand:Leo', 'Metal:White Gold', 'Metal Purity:14k (tested)', 'Metal Weight:3.1dwt / 4.82 Grams', 'Type:Engagement/Wedding Ring Set', 'Setting Style:Halo', 'Ring Size:9.5', 'Ring Face Height:6.9mm', 'Department:Women', 'Main Stone:Diamond', 'Main Stone Shape:Round', 'Main Stone Creation:Natural', 'Main Stone Quantity:1', 'Estimated Carat Weight:0.21ct', 'Diamond Color Grade:F', 'Diamond Clarity Grade:Slightly Included (SI2)', 'Main Stone Measurement:3.79mm - 3.76mm x 2.39mm', 'Secondary Stone:Diamond', 'Secondary Stone Shape:Round', 'Secondary Stone Creation:Natural', 'Secondary Stone Quantity:58', 'Secondary Stone Estimated Carat Weight:0.55ctw', 'Secondary Stone Diamond Color Grade:H - I', 'Secondary Stone Diamond Clarity Grade:SI2 - I1', 'Certification:GSI #39157700111', 'Laser Inscription:LEO 5450157', 'Est. Total Carat Weight:0.76ctw', 'Note:Rings are soldered together.']"
"6.1mm Anchor Link Chain 21"" Necklace 14k Yellow Gold Italy 29.85 Grams",$1899.99,24322047302,Necklaces & Pendants,"['Brand:Aurafin', 'Metal:Yellow Gold', 'Metal Purity:14k', 'Metal Weight:19.2dwt / 29.85 Grams', 'Style:Chain', 'Type:Necklace', 'Chain Type:Anchor/Mariner', 'Closure:Lobster', 'Country/Region of Manufacture:Italy', 'Necklace Measurement:21"" Length / 6.1mm Width']"
.64ctw Diamond Pear-Shaped Cluster Engagement Ring 14k Multi-Tone Gold Size 8.5,$599.99,25524044833,Engagement Rings,"['Metal:Multi-Tone Gold / White & Yellow', 'Metal Purity:14k', 'Metal Weight:3.4dwt / 5.28 Grams', 'Type:Engagement Ring', 'Setting Style:Cluster / Halo', 'Ring Size:8.5', 'Ring Face Height:12.9mm', 'Department:Women', 'Main Stone:Diamond', 'Main Stone Shape:Round', 'Main Stone Creation:Natural', 'Main Stone Quantity:13', 'Estimated Carat Weight:0.34ctw', 'Diamond Color Grade:G - H', 'Diamond Clarity Grade:SI2 - I1', 'Secondary Stone:Diamond', 'Secondary Stone Shape:Round', 'Secondary Stone Creation:Natural', 'Secondary Stone Quantity:50', 'Secondary Stone Estimated Carat Weight:0.30ctw', 'Secondary Stone Diamond Color Grade:G - H', 'Secondary Stone Diamond Clarity Grade:SI2 - I1', 'Est. Total Carat Weight:0.64ctw']"
"3.2mm Rope Link Chain 8"" Bracelet 14k Yellow Gold 6.37 Grams",$399.99,24322046163,Bracelets & Charms,"['Metal:Yellow Gold', 'Metal Purity:14k', 'Metal Weight:4.1dwt / 6.37 Grams', 'Style:Chain', 'Type:Bracelet', 'Chain Type:Rope', 'Closure:Barrel', 'Bracelet Measurement:8"" Length / 3.2mm Width']"
1.02ctw Round Cut Diamond Cluster Statement Ring 10k Yellow Gold Size 11.25,$499.99,23622031740,Rings,"['Metal:Yellow Gold', 'Metal Purity:10k', 'Metal Weight:4.0dwt / 6.22 Grams', 'Type:Ring', 'Setting Style:Cluster', 'Style:Cocktail', 'Ring Size:11.25', 'Ring Face Height:22mm', 'Department:Women', 'Main Stone:Diamond', 'Main Stone Shape:Round', 'Main Stone Creation:Natural', 'Main Stone Qty:51', 'Diamond Color Grade:I - J', 'Diamond Clarity Grade:Included (I1)', 'Est. Total Carat Weight:1.02ctw']"
.33ctw Round Diamond Horseshoe Nugget Statement Ring 14k Yellow Gold Size 8.25,$499.99,24123026477,Rings,"['Metal:Yellow Gold', 'Metal Purity:14k', 'Metal Weight:4.3dwt / 6.68 Grams', 'Type:Ring', 'Setting Style:Channel-Set', 'Style:Cocktail', 'Theme:Luck', 'Ring Size:8.25', 'Ring Face Height:11.5mm', 'Main Stone:Diamond', 'Main Stone Shape:Round', 'Main Stone Creation:Natural', 'Main Stone Qty:11', 'Diamond Color Grade:J - K', 'Diamond Clarity Grade:I1 - I2', 'Est. Total Carat Weight:.33ctw']"
.28ctw Diamond Solitaire with Accents Engagement Ring 14k White Gold Size 9.5,$399.99,25523046985,Engagement Rings,"['Metal:White Gold', 'Metal Purity:14k', 'Metal Weight:1.8dwt / 2.79 Grams', 'Type:Engagement Ring', 'Setting Style:Solitaire with Accents', 'Ring Size:9.5', 'Ring Face Height:6.5mm', 'Department:Women', 'Main Stone:Diamond', 'Main Stone Shape:Round', 'Main Stone Creation:Natural', 'Main Stone Quantity:1', 'Estimated Carat Weight:0.24ct', 'Diamond Color Grade:G - H', 'Diamond Clarity Grade:Slightly Included (SI2)', 'Main Stone Width:3.84mm', 'Secondary Stone:Diamond', 'Secondary Stone Shape:Round', 'Secondary Stone Creation:Natural', 'Secondary Stone Quantity:4', 'Secondary Stone Estimated Carat Weight:0.04ctw', 'Secondary Stone Diamond Color Grade:H - I', 'Secondary Stone Diamond Clarity Grade:Included (I1)', 'Est. Total Carat Weight:0.28ctw']"
.76ctw Diamond Solitaire with Accents Engagement Ring 14k Yellow Gold Size 7.25,$699.99,24521052520,Engagement Rings,"['Metal:Yellow Gold', 'Metal Purity:14k', 'Metal Weight:3.3dwt / 5.13 Grams', 'Type:Engagement Ring', 'Setting Style:Solitaire with Accents', 'Ring Size:7.25', 'Ring Face Height:8.4mm', 'Department:Women', 'Main Stone:Diamond', 'Main Stone Shape:Round', 'Main Stone Creation:Natural', 'Main Stone Quantity:1', 'Estimated Carat Weight:.60ct', 'Diamond Color Grade:H - I', 'Diamond Clarity Grade:Included (I2)', 'Secondary Stone:Diamond', 'Secondary Stone Shape:Round', 'Secondary Stone Creation:Natural', 'Secondary Stone Quantity:8', 'Secondary Stone Estimated Carat Weight:.16ctw', 'Secondary Stone Diamond Color Grade:H - I', 'Secondary Stone Diamond Clarity Grade:I3', 'Est. Total Carat Weight:.76ctw']"
1.00ctw Marquise and Baguette Diamond Cluster Ring 14k Yellow Gold Size 7.25,$499.99,24523036211,Rings,"['Metal:Yellow Gold', 'Metal Purity:14k', 'Metal Weight:3.8dwt / 5.90 Grams', 'Type:Ring', 'Setting Style:Cluster', 'Style:Cocktail', 'Ring Size:7.25', 'Ring Face Height:10mm', 'Department:Women', 'Main Stone:Diamond', 'Main Stone Shape:Marquise', 'Main Stone Creation:Natural', 'Main Stone Qty:11', 'Est. Carat Weight:.72ctw', 'Diamond Color Grade:H - I', 'Diamond Clarity Grade:I1 - I2', 'Secondary Stone:Diamond', 'Secondary Stone Shape:Baguette', 'Secondary Stone Creation:Natural', 'Secondary Stone Qty:14', 'Secondary Stone Estimated Carat Weight:.28ctw', 'Secondary Stone Diamond Color Grade:G - H', 'Secondary Stone Diamond Clarity Grade:I1 - I2', 'Est. Total Carat Weight:1.00ctw']"
.19ctw Round Cut Diamond Channel-Set Wedding Band Ring 14k Yellow Gold Size 8,$399.99,23522043066,Wedding & Anniversary Bands,"['Metal:Yellow Gold', 'Metal Purity:14k', 'Metal Weight:2.8dwt / 4.35 Grams', 'Type:Wedding/Anniversary Band', 'Setting Style:Channel-Set', 'Ring Size:8', 'Ring Face Height:6.5mm', 'Department:Unisex', 'Main Stone:Diamond', 'Main Stone Shape:Round', 'Main Stone Creation:Natural', 'Number of Diamonds:5', 'Diamond Color Grade:I - J', 'Diamond Clarity Grade:SI2 - I1', 'Est. Total Carat Weight:0.19ctw']"
.37ctw Diamond Solitaire with Accents Wedding Set Rings 14k White Gold Size 6,$599.99,23622034990,Engagement & Wedding Ring Sets,"['Metal:White Gold', 'Metal Purity:14k', 'Metal Weight:2.0dwt / 3.11 Grams', 'Type:Engagement/Wedding Ring Set', 'Setting Style:Solitaire with Accents', 'Ring Size:6', 'Ring Face Height:6.9mm', 'Department:Women', 'Main Stone:Diamond', 'Main Stone Shape:Round', 'Main Stone Creation:Natural', 'Main Stone Quantity:1', 'Estimated Carat Weight:.28ct', 'Main Stone Width:4.09 - 4.13mm', 'Diamond Color Grade:E', 'Diamond Clarity Grade:Slightly Included (SI1)', 'Secondary Stone:Diamond', 'Secondary Stone Shape:Round', 'Secondary Stone Creation:Natural', 'Secondary Stone Quantity:6', 'Secondary Stone Estimated Carat Weight:.09ctw', 'Secondary Stone Diamond Color Grade:F - G', 'Secondary Stone Diamond Clarity Grade:SI1 - SI2', 'Est. Total Carat Weight:.37ctw', 'Note:Rings are soldered together.']"
.75ctw Round Cut Diamond Cluster Statement Ring 10k Multi-Tone Gold Size 7,$399.99,25521049852,Rings,"['Metal:Multi-Tone Gold / White & Yellow', 'Metal Purity:10k', 'Metal Weight:3.6dwt / 5.59 Grams', 'Type:Ring', 'Style:Cluster', 'Setting Style:Prong', 'Ring Size:7', 'Ring Face Height:12.8mm', 'Department:Women', 'Main Stone:Diamond', 'Main Stone Shape:Round', 'Main Stone Creation:Natural', 'Number of Diamonds:32', 'Diamond Color Grade:H - I', 'Diamond Clarity Grade:Included (I2)', 'Est. Total Carat Weight:0.75ctw']"
"1.2mm Serpentine Link Chain 16.75"" Necklace 14k Yellow Gold 2.64 Grams",$199.99,23721049292,Necklaces & Pendants,"['Metal:Yellow Gold', 'Metal Purity:14k', 'Metal Weight:1.7dwt / 2.64 Grams', 'Type:Necklace', 'Style:Chain', 'Chain Type:Serpentine', 'Closure:Spring Ring', 'Necklace Measurement:16.75"" Length / 1.2mm Width']"
.37ctw Diamond Teardrop Dangle/Drop Pair Earrings 10k Multi-Tone Gold 2.17 Grams,$299.99,23121035077,Earrings,"['Metal:Multi-Tone Gold / Rose & White', 'Metal Purity:10k', 'Metal Weight:1.4dwt/ 2.17 Grams', 'Type:Earrings', 'Style:Dangle/Drop', 'Shape:Teardrop', 'Setting Style:Cluster', 'Closure:Rubber Backs', 'Main Stone:Diamond', 'Main Stone Shape:Round', 'Main Stone Creation:Natural', 'Number of Diamonds:24', 'Diamond Color Grade:H - I', 'Diamond Clarity Grade:SI2 - I1', 'Est. Total Carat Weight:0.37ctw', 'Earring Measurement:16.2mm Length / 7.5mm Width']"
"10.8mm Curb Link Chain 9.5"" Bracelet 10k Yellow Gold Italy 26.43 Grams",$1199.99,24321035301,Bracelets & Charms,"['Metal:Yellow Gold', 'Metal Purity:10k', 'Metal Weight:17.0dwt / 26.43 Grams', 'Style:Chain', 'Type:Bracelet', 'Chain Type:Curb Link', 'Closure:Lobster', 'Country/Region of Manufacture:Italy', 'Bracelet Measurement:9.5"" Length / 10.8mm Width']"
3.6mm Polished Classic Wedding Band Ring 14k Yellow Gold 3.11 Grams Size 10,$199.99,24321035413,Wedding & Anniversary Bands,"['Brand:Denoma', 'Metal:Yellow Gold', 'Metal Purity:14k', 'Metal Weight:2.0dwt / 3.11 Grams', 'Type:Wedding/Anniversary Band', 'Ring Size:10', 'Ring Face Height:3.6mm', 'Department:Men']"
.17ct Round Cut Diamond Solitaire Engagement Ring 14k Yellow Gold Size 6.5,$199.99,24521052332,Engagement Rings,"['Metal:Yellow Gold', 'Metal Purity:14k', 'Metal Weight:1.1dwt / 1.71 Grams', 'Type:Engagement Ring', 'Setting Style:Solitaire', 'Ring Size:6.5', 'Ring Face Height:4.6mm', 'Department:Women', 'Main Stone:Diamond', 'Main Stone Shape:Round', 'Main Stone Creation:Natural', 'Main Stone Quantity:1', 'Main Stone Width:3.6 mm', 'Diamond Color Grade:H - I', 'Diamond Clarity Grade:Slightly Included (SI2)', 'Est. Total Carat Weight:.17ct']"
"1.8mm Rope Link Chain 24.5"" Necklace 14k Yellow Gold Italy 8.55 Grams",$599.99,23123025281,Necklaces & Pendants,"['Metal:Yellow Gold', 'Metal Purity:14k', 'Metal Weight:5.5dwt / 8.55 Grams', 'Style:Chain', 'Type:Necklace', 'Chain Type:Rope', 'Closure:Lobster', 'Country/Region of Manufacture:Italy', 'Necklace Measurement:24.5"" Length / 1.8mm Width']"
.06ctw Diamond Solitaire w/ Accents Engagement Ring 14k White Gold Size 9.25,$399.99,23522043862,Engagement Rings,"['Metal:White Gold', 'Metal Purity:14k', 'Metal Weight:3.4dwt / 5.28 Grams', 'Type:Engagement Ring', 'Setting Style:Solitaire with Accents', 'Ring Size:9.25', 'Ring Face Height:6.2mm', 'Department:Women', 'Main Stone:Diamond', 'Main Stone Shape:Round', 'Main Stone Creation:Natural', 'Main Stone Quantity:1', 'Estimated Carat Weight:0.05ct', 'Diamond Color Grade:J - K', 'Diamond Clarity Grade:Included (I1)', 'Main Stone Width:2.41mm', 'Secondary Stone:Diamond', 'Secondary Stone Shape:Round', 'Secondary Stone Creation:Natural', 'Secondary Stone Quantity:2', 'Secondary Stone Estimated Carat Weight:0.01ctw', 'Secondary Stone Diamond Color Grade:I - J', 'Secondary Stone Diamond Clarity Grade:Included (I2 - I3)', 'Est. Total Carat Weight:0.06ctw']"
5.6mm Diamond Cut Men's Wedding Band Ring 14k White Gold 4.51 Grams Size 12.25,$299.99,23722037397,Wedding & Anniversary Bands,"['Metal:White Gold', 'Metal Purity:14k', 'Metal Weight:2.9dwt / 4.51 Grams', 'Type:Wedding/Anniversary Band', 'Ring Size:12.25', 'Ring Face Height:5.6mm', 'Department:Men']"
.67ctw Round Cut Diamond Halo Wedding Band Ring 10k White Gold Size 8.25,$499.99,23523032322,Wedding & Anniversary Bands,"['Metal:White Gold', 'Metal Purity:10k', 'Metal Weight:2.1dwt / 3.26 Grams', 'Type:Wedding/Anniversary Band', 'Setting Style:Halo', 'Ring Size:8.25', 'Ring Face Height:5.3mm', 'Department:Women', 'Main Stone:Diamond', 'Main Stone Shape:Round', 'Main Stone Creation:Natural', 'Main Stone Quantity:7', 'Estimated Carat Weight:0.53ctw', 'Colored Diamond Intensity:Light', 'Main Stone Color:Brown', 'Diamond Clarity Grade:Included (I1 - I3)', 'Secondary Stone:Diamond', 'Secondary Stone Shape:Round', 'Secondary Stone Creation:Natural', 'Secondary Stone Quantity:56', 'Secondary Stone Estimated Carat Weight:0.14ctw', 'Secondary Stone Diamond Color Grade:K - L', 'Secondary Stone Diamond Clarity Grade:Included (I2 - I3)', 'Est. Total Carat Weight:0.67ctw']"
"1.7mm Fancy Link Chain 16.25"" Necklace 14k Yellow Gold 3.57 Grams",$249.99,23721049290,Necklaces & Pendants,"['Metal:Yellow Gold', 'Metal Purity:14k', 'Metal Weight:2.3dwt / 3.57 Grams', 'Type:Necklace', 'Style:Chain', 'Chain Type:Fancy', 'Closure:Lobster', 'Necklace Measurement:16.25"" Length / 1.7mm Width']"
.93ctw Diamond Solitaire with Accents Wedding Set Rings 14k Yellow Gold Size 7,$799.99,25425032031,Engagement & Wedding Ring Sets,"['Brand:Helzberg', 'Metal:Yellow Gold', 'Metal Purity:14k', 'Metal Weight:4.1dwt / 6.37 Grams', 'Type:Engagement/Wedding Ring Set', 'Setting Style:Solitaire with Accents', 'Ring Size:7', 'Ring Face Height:7.6mm', 'Department:Women', 'Main Stone:Diamond', 'Main Stone Shape:Round', 'Main Stone Creation:Natural', 'Main Stone Quantity:1', 'Estimated Carat Weight:.28ct', 'Main Stone Width:3.95mm', 'Diamond Color Grade:H - I', 'Diamond Clarity Grade:Included (I1)', 'Secondary Stone:Diamond', 'Secondary Stone Shape:Round', 'Secondary Stone Creation:Natural', 'Secondary Stone Quantity:17', 'Secondary Stone Estimated Carat Weight:.65ctw', 'Secondary Stone Diamond Color Grade:I - J', 'Secondary Stone Diamond Clarity Grade:SI2 - I1', 'Est. Total Carat Weight:.93ctw']"
"7.2mm Rope Link Chain 21.5"" Necklace 10k Rose Gold 76.50 Grams",$3299.99,25225030395,Necklaces & Pendants,"['Metal:Rose Gold', 'Metal Purity:10k (tested)', 'Metal Weight:49.2dwt / 76.50 Grams', 'Type:Necklace', 'Style:Chain', 'Chain Type:Rope', 'Closure:Lobster', 'Necklace Measurement:21.5"" Length / 7.2mm Width']"
20mm Leaves and Grapes Heart Pendant without Chain 10k Multi-Tone Gold .77 Grams,$69.99,23721049295,Necklaces & Pendants,"['Metal:Multi-Tone Gold / Green, Rose, & Yellow', 'Metal Purity:10k', 'Metal Weight:0.5dwt / 0.77 Grams', 'Type:Pendant', 'Style:Statement', 'Theme:Love', 'Chain Type:No Chain', 'Pendant Shape:Heart', 'Pendant Measurement:20mm Length / 16.5mm Width']"
Black Hills Gold Leaves and Grapes Split-Shank Ring 10k Multi-Tone Gold Size 7,$169.99,24521052603,Rings,"['Brand:Black Hills Gold', 'Metal:Multi-Tone Gold / Green, Rose, & Yellow', 'Metal Purity:10k', 'Metal Weight:2.2dwt / 3.42 Grams', 'Type:Ring', 'Style:Split Shank', 'Shape:Leaf', 'Theme:Flowers & Plants', 'Ring Size:7', 'Ring Face Height:11.8mm', 'Department:Women', 'Country/Region of Manufacture:United States']"
"28.9mm Sand Dollar Pendant on 30.25"" Necklace 14k Yellow Gold 13.83 Grams",$899.99,25123047892,Necklaces & Pendants,"['Metal:Yellow Gold', 'Metal Purity:14k (Pendant tested)', 'Metal Weight:8.9dwt / 13.83 Grams', 'Style:Pendant', 'Type:Necklace', 'Pendant Shape:Round', 'Theme:Sea Life', 'Chain Type:Cobra Link', 'Closure:Spring Ring', 'Necklace Measurement:30.25"" Length / 1.1mm Width', 'Pendant Measurement:28.9mm x 25.9mm']"
"1.9mm Rope Link Chain 22.25"" Necklace 14k Yellow Gold Italy 4.82 Grams",$349.99,25121042081,Necklaces & Pendants,"['Metal:Yellow Gold', 'Metal Purity:14k', 'Metal Weight:3.1dwt / 4.82 Grams', 'Style:Chain', 'Type:Necklace', 'Chain Type:Rope', 'Closure:Lobster', 'Features:Adjustable Bolo', 'Country/Region of Manufacture:Italy', 'Necklace Measurement:22.25"" Length / 1.9mm Width']"
1.02ctw Round Cut Diamond Cluster Split-Shank Ring 14k Multi-Tone Gold Size 6,$799.99,24521052235,Rings,"['Metal:Multi-Tone Gold / White & Yellow', 'Metal Purity:14k', 'Metal Weight:2.7dwt / 4.19 Grams', 'Type:Ring', 'Style:Split Shank', 'Setting Style:Cluster', 'Ring Size:6', 'Ring Face Height:16.9mm', 'Department:Women', 'Main Stone:Diamond', 'Main Stone Shape:Round', 'Main Stone Creation:Natural', 'Number of Diamonds:15', 'Diamond Color Grade:G - H', 'Diamond Clarity Grade:Included (I1 - I2)', 'Main Stone Width:2.7mm Average', 'Est. Total Carat Weight:1.02ctw']"
"Religious Crucifix Cross Pendant on 25"" Necklace 14k Multi-Tone Gold 9.33 Grams",$599.99,23821046445,Necklaces & Pendants,"['Brand:Michael Anthony (Pendant Only)', 'Metal:Multi-Tone Gold / Yellow and White', 'Metal Purity:14k', 'Metal Weight:6.0dwt / 9.33 Grams', 'Style:Pendant', 'Type:Necklace', 'Chain Type:Anchor/Mariner', 'Closure:Lobster', 'Pendant Shape:Cross', 'Theme:Religious', 'Country/Region of Manufacture:Italy (Chain Only)', 'Necklace Measurement:25"" Length / 3.5mm Width', 'Pendant Measurement:35.7mm x 19.2mm']"
Movado Masino 38mm Black Dial Stainless Steel Quartz Men's Wristwatch,$249.99,23523031790,Wristwatches,"['Brand:Movado', 'Model:Movado Masino', 'Reference Number:84.G2.1855.A', 'Type:Wristwatch', 'Department:Men', 'Movement:Quartz', 'Features:Water-Resistant', 'Style:Dress/Formal', 'Dial Color:Black', 'Bezel Color:Black', 'Bezel Type:Fixed', 'Display:Analog', 'Indices:No Hour Marks', 'Case Color:Black', 'Case Material:Stainless Steel', 'Case Finish:Polished', 'Case Size:38mm', 'Case Thickness:7mm', 'Watch Shape:Round', 'Water Resistance:30 m (3 ATM)', 'Band/Strap:Bracelet', 'Closure:Hidden Fold Clasp', 'Band Width:20mm', 'Max Wrist Size:6.76-7 in', 'With Manual/Booklet:No', 'With Papers:No', 'Band Color:Black', 'Band Material:Stainless Steel', 'With Original Box/Packaging:No', 'Caseback:Solid', 'With Original Box/Packaging:Yes']"
"4mm Rope Link Chain 8"" Bracelet 14k Yellow Gold 10.10 Grams",$699.99,25523046467,Bracelets & Charms,"['Metal:Yellow Gold', 'Metal Purity:14k', 'Metal Weight:6.5dwt / 10.10 Grams', 'Type:Bracelet', 'Style:Chain', 'Chain Type:Rope', 'Closure:Barrel', 'Bracelet Measurement:8"" Length / 4mm Width']"
12.1mm Diamond Cut Filigree Statement Ring 14k Yellow Gold 3.73 Grams Size 8,$299.99,23622035222,Rings,"['Metal:Yellow Gold', 'Metal Purity:14k', 'Metal Weight:2.4dwt / 3.73 Grams', 'Type:Ring', 'Style:Band', 'Ring Size:8', 'Ring Face Height:12.1mm', 'Department:Women']"
"6.8mm Panther Link Chain 7.25"" Bracelet 14k Yellow Gold Italy 4.97 Grams",$359.99,23121034580,Bracelets & Charms,"['Metal:Yellow Gold', 'Metal Purity:14k', 'Metal Weight:3.2dwt / 4.97 Grams', 'Style:Chain', 'Type:Bracelet', 'Chain Type:Panther', 'Closure:Lobster', 'Country/Region of Manufacture:Italy', 'Bracelet Measurement:7.25"" Length / 6.8mm Width']"
20.9mm Tasmanian Devil Looney Toons Pendant w/o Chain 10k Yellow Gold 1.55 Grams,$109.99,23722037376,Necklaces & Pendants,"['Brand:Michael Anthony', 'Metal:Yellow Gold', 'Metal Purity:10k', 'Metal Weight:1.0dwt / 1.55 Grams', 'Style:Statement', 'Type:Pendant', 'Theme:Cartoon, TV & Movie Characters', 'Chain Type:No Chain', 'Pendant Measurement:20.9mm x 12.5mm']"
"6.5mm Textured Fancy Link Chain 8.5"" Bracelet 14k Multi-Tone Gold 13.68 Grams",$839.99,25221043179,Bracelets & Charms,"['Metal:Multi-Tone Gold / White & Yellow', 'Metal Purity:14k', 'Metal Weight:8.8dwt / 13.68 Grams', 'Type:Bracelet', 'Style:Chain', 'Chain Type:Fancy', 'Closure:Box', 'Bracelet Measurement:8.5"" Length / 6.5mm Width']"
"1 7/8"" Egyptian Cartouche Pendant w/o Chain 18k Multi-Tone Gold 8.24 Grams",$699.99,23721049288,Necklaces & Pendants,"['Metal:Multi-Tone Gold / Yellow, Rose', 'Metal Purity:18k (Tested)', 'Metal Weight:5.3dwt / 8.24 Grams', 'Style:Statement', 'Type:Pendant', 'Theme:Ethnic', 'Features:Reversible', 'Chain Type:No Chain', 'Pendant Measurement:1 7/8"" x 5/8""']"
"3.1mm Rope Link Chain 16"" Necklace 14k Rose Gold 12.90 Grams",$799.99,25223040225,Necklaces & Pendants,"['Metal:Rose Gold', 'Metal Purity:14k', 'Metal Weight:8.3dwt / 12.90 Grams', 'Style:Chain', 'Type:Necklace', 'Chain Type:Rope', 'Closure:Lobster', 'Necklace Measurement:16"" Length / 3.1mm Width']"
.18ct Round Cut Diamond Solitaire Wedding Band Ring 10k Yellow Gold Size 10.5,$499.99,23523031518,Wedding & Anniversary Bands,"['Metal:Yellow Gold', 'Metal Purity:10k', 'Metal Weight:4.9dwt / 7.61 Grams', 'Type:Wedding/Anniversary Band', 'Setting Style:Solitaire', 'Ring Size:10.5', 'Ring Face Height:11.4mm', 'Department:Men', 'Main Stone:Diamond', 'Main Stone Shape:Round', 'Main Stone Creation:Natural', 'Main Stone Quantity:1', 'Main Stone Width:3.67mm', 'Diamond Color Grade:G - H', 'Diamond Clarity Grade:Slightly Included (SI1)', 'Est. Total Carat Weight:.18ct']"
23mm Polished Hollow Hoop Pair Earrings 14k Yellow Gold 3.11 Grams,$219.99,25522022742,Earrings,"['Metal:Yellow Gold', 'Metal Purity:14k', 'Metal Weight:2.0dwt / 3.11 Grams', 'Type:Earrings', 'Style:Hoop', 'Shape:Round', 'Closure:Snap', 'Earring Measurement:23mm Length / 10.2mm Width']"
"4mm Rope Link Chain 20.25"" Necklace 10k Yellow Gold Peru 5.90 Grams",$279.99,25521049320,Necklaces & Pendants,"['Metal:Yellow Gold', 'Metal Purity:10k', 'Metal Weight:3.8dwt / 5.90 Grams', 'Type:Necklace', 'Style:Chain', 'Chain Type:Rope', 'Closure:Lobster', 'Country/Region of Manufacture:Peru', 'Necklace Measurement:20.25"" Length / 4mm Width']"
"4.2mm Herringbone Link Chain 20"" Necklace 14k Yellow Gold Italy 8.08 Grams",$599.99,25522022960,Necklaces & Pendants,"['Metal:Yellow Gold', 'Metal Purity:14k', 'Metal Weight:5.2dwt / 8.08 Grams', 'Type:Necklace', 'Style:Chain', 'Chain Type:Herringbone', 'Closure:Lobster', 'Country/Region of Manufacture:Italy', 'Necklace Measurement:20"" Length / 4.2mm Width']"
"1.5mm Singapore Link Chain 19.5"" Necklace 14k Yellow Gold Italy 1.39 Grams",$149.99,24521052843,Necklaces & Pendants,"['Metal:Yellow Gold', 'Metal Purity:14k', 'Metal Weight:0.9dwt / 1.39 Grams', 'Type:Necklace', 'Style:Chain', 'Chain Type:Singapore', 'Closure:Spring Ring', 'Country/Region of Manufacture:Italy', 'Necklace Measurement:19.5"" Length / 1.5mm Width']"
"2.8mm Fancy Bismark Link Chain 20"" Necklace 14k Yellow Gold Italy 7.46 Grams",$599.99,23721049287,Necklaces & Pendants,"['Metal:Yellow Gold', 'Metal Purity:14k', 'Metal Weight:4.8dwt / 7.46 Grams', 'Style:Chain', 'Type:Necklace', 'Closure:Lobster', 'Country/Region of Manufacture:Italy', 'Necklace Measurement:20"" Length / 2.8mm Width']"
.16ct Round Diamond Solitaire Wedding Band Ring Platinum 9.95 Grams Size 8.25,$499.99,23821047383,Wedding & Anniversary Bands,"['Metal:Platinum', 'Metal Purity:950', 'Metal Weight:6.4dwt / 9.95 Grams', 'Type:Wedding/Anniversary Band', 'Setting Style:Solitaire', 'Ring Size:8.25', 'Ring Face Height:4mm', 'Department:Men', 'Main Stone:Diamond', 'Main Stone Shape:Round', 'Main Stone Creation:Natural', 'Number of Diamonds:1', 'Diamond Color Grade:G - H', 'Diamond Clarity Grade:Slightly Included (SI1)', 'Main Stone Width:3.5mm', 'Est. Total Carat Weight:0.16ct']"
2.6mm Polished Classic Wedding Band Ring 14k Yellow Gold 1.24 Grams Size 9.75,$99.99,23723036490,Wedding & Anniversary Bands,"['Metal:Yellow Gold', 'Metal Purity:14k', 'Metal Weight:0.8dwt / 1.24 Grams', 'Type:Wedding/Anniversary Band', 'Ring Size:9.75', 'Ring Face Height:2.6mm', 'Department:Men']"
"2.5mm Rope Link Chain 7"" Bracelet 14k Yellow Gold 3.57 Grams",$249.99,23722037372,Bracelets & Charms,"['Metal:Yellow Gold', 'Metal Purity:14k', 'Metal Weight:2.3dwt / 3.57 Grams', 'Type:Bracelet', 'Style:Chain', 'Chain Type:Rope', 'Closure:Barrel', 'Bracelet Measurement:7"" Length / 2.5mm Width']"
"3.2mm Anchor Link Chain w/Whale Tail Charm 11"" Anklet 14k Yellow Gold 5.28 Grams",$339.99,25121042115,Anklets,"['Metal:Yellow Gold', 'Metal Purity:14k', 'Metal Weight:3.4dwt / 5.28 Grams', 'Type:Anklet', 'Chain Type:Anchor/Mariner', 'Closure:Lobster', 'Theme:Sea Life', 'Country/Region of Manufacture:Italy (Chain)', 'Anklet Measurement:11"" Length / 3.2mm Width', 'Charm/Pendant Measurement:18.7mm x 20.3mm']"
"1.3mm Rope Link Chain 18"" Necklace 14k Yellow Gold 2.48 Grams",$199.99,23721049200,Necklaces & Pendants,"['Metal:Yellow Gold', 'Metal Purity:14k', 'Metal Weight:1.6dwt / 2.48 Grams', 'Style:Chain', 'Type:Necklace', 'Chain Type:Rope', 'Closure:Spring Ring', 'Necklace Measurement:18"" Length / 1.3mm Width']"
.54ctw Princess Cut Diamond Channel-Set Statement Ring 14k Yellow Gold Size 5.25,$699.99,23524038046,Rings,"['Metal:Yellow Gold', 'Metal Purity:14k', 'Metal Weight:4.2dwt / 6.53 Grams', 'Type:Ring', 'Setting Style:Channel-Set', 'Style:Band', 'Ring Size:5.25', 'Ring Face Height:7.8mm', 'Department:Women', 'Main Stone:Diamond', 'Main Stone Shape:Princess', 'Main Stone Creation:Natural', 'Main Stone Qty:6', 'Main Stone Width:2.5mm', 'Diamond Color Grade:I - J', 'Diamond Clarity Grade:SI2 - I1 (1 small chip)', 'Est. Total Carat Weight:.54ctw']"
.24ctw Princess Diamond Cluster Halo Engagement Ring 14k White Gold Size 7.75,$299.99,24521051541,Engagement Rings,"['Brand:Helzberg', 'Metal:White Gold', 'Metal Purity:14k', 'Metal Weight:1.8dwt / 2.79 Grams', 'Type:Engagement Ring', 'Setting Style:Cluster / Halo', 'Ring Size:7.75', 'Ring Face Height:7.1mm', 'Department:Women', 'Main Stone:Diamond', 'Main Stone Shape:Princess', 'Main Stone Creation:Natural', 'Main Stone Quantity:4', 'Estimated Carat Weight:0.12ctw', 'Diamond Color Grade:I - J', 'Diamond Clarity Grade:Included (I2 - I3)', 'Secondary Stone:Diamond', 'Secondary Stone Shape:Round', 'Secondary Stone Creation:Natural', 'Secondary Stone Quantity:18', 'Secondary Stone Estimated Carat Weight:0.12ctw', 'Secondary Stone Diamond Color Grade:H - I', 'Secondary Stone Diamond Clarity Grade:Included (I2 - I3)', 'Est. Total Carat Weight:0.24ctw']"
.03ctw Round Cut Diamond Prong Set Wedding Band Ring 10k White Gold Size 9.75,$299.99,25521048967,Wedding & Anniversary Bands,"['Metal:White Gold', 'Metal Purity:10k', 'Metal Weight:2.9dwt / 4.51 Grams', 'Type:Wedding/Anniversary Band', 'Setting Style:Prong', 'Ring Size:9.75', 'Ring Face Height:7.5mm', 'Department:Men', 'Main Stone:Diamond', 'Main Stone Shape:Round', 'Main Stone Creation:Natural', 'Number of Diamonds:5', 'Diamond Color Grade:H - I', 'Diamond Clarity Grade:Included (I1 - I2)', 'Est. Total Carat Weight:0.03ctw']"
"3.0mm Rope Link Chain 7.25"" Bracelet 10k Yellow Gold 1.86 Grams",$99.99,25123047826,Bracelets & Charms,"['Metal:Yellow Gold', 'Metal Purity:10k', 'Metal Weight:1.2dwt / 1.86 Grams', 'Style:Chain', 'Type:Bracelet', 'Chain Type:Rope', 'Closure:Lobster', 'Bracelet Measurement:7.25"" Length / 3.0mm Width']"
11.4mm Link Chain Design Statement Band 18k Yellow Gold 1.86 Grams Size 6.25,$159.99,25121043245,Rings,"['Metal:Yellow Gold', 'Metal Purity:18k', 'Metal Weight:1.2dwt / 1.86 Grams', 'Type:Ring', 'Style:Band', 'Ring Size:6.25', 'Ring Face Height:11.4mm', 'Department:Women']"
13.9mm Textured Love Knot Stud Pair Earrings 14k Yellow Gold 3.57 Grams,$219.99,25223040325,Earrings,"['Metal:Yellow Gold', 'Metal Purity:14k', 'Metal Weight:2.3dwt / 3.57 Grams', 'Type:Earrings', 'Style:Stud', 'Closure:Rubber Earring Backs', 'Earring Diameter:13.9 mm']"
"3.7mm Rope Link Chain 18"" Necklace 10k Yellow Gold 20.37 Grams",$899.99,25225031647,Necklaces & Pendants,"['Metal:Yellow Gold', 'Metal Purity:10k', 'Metal Weight:13.1dwt / 20.37 Grams', 'Style:Chain', 'Type:Necklace', 'Chain Type:Rope', 'Closure:Lobster', 'Necklace Measurement:18"" Length / 3.7mm Width']"
"8.50ctw Oval Cut Ruby Prong-Set 6.5"" Bracelet 10k Yellow Gold 10.57 Grams",$1099.99,23522043866,Bracelets & Charms,"['Metal:Yellow Gold', 'Metal Purity:10k (Tested)', 'Metal Weight:6.8dwt / 10.57 Grams', 'Style:Tennis', 'Type:Bracelet', 'Setting Style:Prong', 'Closure:Box', 'Main Stone:Ruby', 'Main Stone Shape:Oval', 'Main Stone Creation:Natural', 'Main Stone Treatment:Heated', 'Main Stone Color:Medium Dark Slightly - Strongly Purplish Red', 'Main Stone Qty:25', 'Main Stone Measurement:5mm x 4mm x 2mm Avg.', 'Gemstone Clarity Grade:Heavily - Severely Included', 'Est. Total Carat Weight:8.50ctw', 'Bracelet Measurement:6.5"" Length / 5.0mm Width']"
"1.9mm Fancy Link Chain 18.25"" Necklace 14k Yellow Gold Italy 6.06 Grams",$399.99,23721049286,Necklaces & Pendants,"['Metal:Yellow Gold', 'Metal Purity:14k', 'Metal Weight:3.9dwt / 6.06 Grams', 'Style:Chain', 'Type:Necklace', 'Chain Type:Fancy Link', 'Closure:Lobster', 'Country/Region of Manufacture:Italy', 'Necklace Measurement:18.25"" Length / 1.9mm Width']"
.75ctw Round Diamond Solitaire Enhancer Wedding Ring 14k Yellow Gold Size 6.5,$799.99,90218007678,Wedding & Anniversary Bands,"['Metal:Yellow Gold', 'Metal Purity:14k', 'Metal Weight:3.0dwt / 4.66 Grams', 'Type:Wedding/Anniversary Band', 'Setting Style:Prong', 'Ring Size:6.5', 'Ring Face Height:15.5mm', 'Department:Women', 'Main Stone:Diamond', 'Main Stone Shape:Round', 'Main Stone Creation:Natural', 'Main Stone Quantity:14', 'Diamond Color Grade:J - K', 'Diamond Clarity Grade:VS2 - SI1', 'Est. Total Carat Weight:.75ctw']"
"5.2mm Herringbone Link Chain 24"" Necklace 14k Yellow Gold Italy 25.65 Grams",$1599.99,23721049199,Necklaces & Pendants,"['Metal:Yellow Gold', 'Metal Purity:14k', 'Metal Weight:16.5dwt / 25.65 Grams', 'Style:Chain', 'Type:Necklace', 'Chain Type:Herringbone', 'Closure:Lobster', 'Country/Region of Manufacture:Italy', 'Necklace Measurement:24"" Length / 5.2mm Width']"
"1.3mm Foxtail Link Chain 16.5"" Necklace 14k Yellow Gold Italy 2.33 Grams",$159.99,25523047359,Necklaces & Pendants,"['Metal:Yellow Gold', 'Metal Purity:14k', 'Metal Weight:1.5dwt / 2.33 Grams', 'Type:Necklace', 'Style:Chain', 'Chain Type:Foxtail', 'Closure:Spring Ring', 'Country/Region of Manufacture:Italy', 'Necklace Measurement:16.5"" Length / 1.3mm Width']"
Movado Valor 26mm Silver Mirror Dial Quartz Stainless Steel Women's Wristwatch,$299.99,25225030816,Wristwatches,"['Brand:Movado', 'Model:Movado Valor', 'Reference Number:89.C1.1841', 'Type:Wristwatch', 'Department:Women', 'Style:Dress/Formal', 'Movement:Quartz', 'Features:Water-Resistant', 'Style:Dress/Formal', 'Dial Color:Silver', 'Bezel Color:Silver', 'Bezel Type:Fixed', 'Display:Analog', 'Indices:No Hour Marks', 'Case Color:Silver', 'Case Material:Stainless Steel', 'Case Finish:Polished', 'Case Size:26mm', 'Case Thickness:5mm', 'Watch Shape:Round', 'Water Resistance:30 m (3 ATM)', 'Band/Strap:Bracelet', 'Closure:Butterfly Clasp', 'Band Width:15mm', 'Max Wrist Size:6.26-6.75 in', 'With Manual/Booklet:No', 'With Papers:No', 'Band Color:Silver', 'Band Material:Stainless Steel', 'With Original Box/Packaging:No', 'Caseback:Screwback']"
"2mm Singapore Link Chain 7"" Bracelet 14k White Gold Italy 1.08 Grams",$89.99,25522022987,Bracelets & Charms,"['Metal:White Gold', 'Metal Purity:14k', 'Metal Weight:0.7dwt / 1.08 Grams', 'Type:Bracelet', 'Style:Chain', 'Chain Type:Singapore', 'Closure:Spring Ring', 'Country/Region of Manufacture:Italy', 'Bracelet Measurement:7"" Length / 2mm Width']"
.50ctw Round Diamond Channel-Set Wedding Band Ring 14k Multi-Tone Gold Size 8,$399.99,25123047445,Wedding & Anniversary Bands,"['Metal:Multi-Tone Gold / Yellow, White', 'Metal Purity:14k', 'Metal Weight:1.7dwt / 2.64 Grams', 'Type:Wedding/Anniversary Band', 'Setting Style:Channel-Set', 'Ring Size:8', 'Ring Face Height:4.1mm', 'Department:Unisex', 'Main Stone:Diamond', 'Main Stone Shape:Round', 'Main Stone Creation:Natural', 'Main Stone Quantity:5', 'Diamond Color Grade:I - J', 'Diamond Clarity Grade:Included (I1 - I2)', 'Est. Total Carat Weight:.50ctw']"
.16ctw Round Cut Diamond Prong Set Wedding Band Ring 10k White Gold Size 6.5,$199.99,90218007683,Wedding & Anniversary Bands,"['Metal:White Gold', 'Metal Purity:10k (tested)', 'Metal Weight:.9dwt / 1.39 Grams', 'Type:Wedding/Anniversary Band', 'Setting Style:Prong', 'Ring Size:6.5', 'Ring Face Height:2.7mm', 'Department:Women', 'Main Stone:Diamond', 'Main Stone Shape:Round', 'Main Stone Creation:Natural', 'Main Stone Quantity:13', 'Diamond Color Grade:H - I', 'Diamond Clarity Grade:I2 - I3', 'Est. Total Carat Weight:.16ctw']"
.40ctw Princess Cut Diamond Halo Engagement Ring 14k White Gold Size 5,$499.99,23523032252,Engagement Rings,"['Metal:White Gold', 'Metal Purity:14k', 'Metal Weight:2.4dwt / 3.73 Grams', 'Type:Engagement Ring', 'Setting Style:Halo', 'Ring Size:5', 'Ring Face Height:9.5mm', 'Department:Women', 'Main Stone:Diamond', 'Main Stone Shape:Princess', 'Main Stone Creation:Natural', 'Main Stone Quantity:1', 'Estimated Carat Weight:.14ct', 'Main Stone Measurement:3.18mm x 2.97mm x 1.8mm', 'Diamond Color Grade:G - H', 'Diamond Clarity Grade:Slightly Included (SI1)', 'Secondary Stone:Diamond', 'Secondary Stone Shape:Baguette', 'Secondary Stone Creation:Natural', 'Secondary Stone Quantity:20', 'Secondary Stone Estimated Carat Weight:.20ctw', 'Secondary Stone Diamond Color Grade:H - I', 'Secondary Stone Diamond Clarity Grade:SI1 - I1', 'Additional Stone:Diamond', 'Additional\xa0Stone Shape:Round', 'Additional\xa0Stone Creation:Natural', 'Additional\xa0Stone Quantity:6', 'Additional\xa0Stone Estimated Carat Weight:.06ctw', 'Additional\xa0Stone Diamond Color Grade:H - I', 'Additional\xa0Stone Diamond Clarity Grade:I1 - I2', 'Est. Total Carat Weight:.40ctw']"
.68 Diamond Pav辿 Electric Plug Pendant without Chain 10k Yellow Gold 6.06 Grams,$499.99,23523032334,Necklaces & Pendants,"['Metal:Yellow Gold', 'Metal Purity:10k', 'Metal Weight:3.9dwt / 6.06 Grams', 'Style:Statement', 'Type:Pendant', 'Setting Style:Pav辿', 'Chain Type:No Chain', 'Main Stone:Diamond', 'Main Stone Shape:Round', 'Main Stone Creation:Natural', 'Main Stone Quantity:368', 'Diamond Color Grade:H - I', 'Diamond Clarity Grade:Included (I2 - I3)', 'Est. Total Carat Weight:.68ctw', 'Pendant Measurement:1 1/8"" x 3/4""']"
.69ctw Round Cut Diamond with Halo Engagement Ring 14k White Gold Size 5,$599.99,23721048043,Engagement Rings,"['Metal:White Gold', 'Metal Purity:14k', 'Metal Weight:2.2dwt / 3.42 Grams', 'Type:Engagement Ring', 'Setting Style:Halo', 'Ring Size:5', 'Ring Face Height:7.2mm', 'Department:Women', 'Main Stone:Diamond', 'Main Stone Shape:Round', 'Main Stone Creation:Natural', 'Main Stone Quantity:1', 'Estimated Carat Weight:.22ct', 'Main Stone Width:3.93mm', 'Diamond Color Grade:H - I', 'Diamond Clarity Grade:Included (I2)', 'Laser Inscription:162131-1090', 'Secondary Stone:Diamond', 'Secondary Stone Shape:Round', 'Secondary Stone Creation:Natural', 'Secondary Stone Quantity:2', 'Secondary Stone Estimated Carat Weight:.16ctw', 'Secondary Stone Diamond Color Grade:I - J', 'Secondary Stone Diamond Clarity Grade:I1 - I2', 'Additional Stone:Diamond', 'Additional\xa0Stone Shape:Round', 'Additional\xa0Stone Creation:Natural', 'Additional\xa0Stone Quantity:36', 'Additional\xa0Stone Estimated Carat Weight:.31ctw', 'Additional\xa0Stone Diamond Color Grade:I - J', 'Additional\xa0Stone Diamond Clarity Grade:I1 - I2', 'Est. Total Carat Weight:.69ctw']"
9.22ct Oval Cut Amethyst Solitaire Statement Ring 14k Yellow Gold Size 7,$399.99,25123047310,Rings,"['Metal:Yellow Gold', 'Metal Purity:14k', 'Metal Weight:3.3dwt / 5.13 Grams', 'Type:Ring', 'Style:Cocktail', 'Setting Style:Solitaire', 'Ring Size:7', 'Ring Face Height:16.5mm', 'Department:Women', 'Main Stone:Amethyst', 'Main Stone Shape:Oval', 'Main Stone Creation:Natural', 'Main Stone Color:Medium Purple', 'Main Stone Qty:1', 'Main Stone Measurement:15.83mm x 11.95mm x 8.26mm', 'Gemstone Clarity Grade:Loupe Clean (Some wear)', 'Est. Total Carat Weight:9.22ct']"
Movado Diamond Accent 26mm Mother of Pearl Dial Quartz Women's Wristwatch,$399.99,23722037194,Wristwatches,"['Brand:Movado', 'Reference Number:92.A1.827.2', 'Type:Wristwatch', 'Department:Women', 'Style:Dress/Formal', 'Movement:Quartz', 'Features:Diamond Accent', 'Dial Color:White', 'Dial Pattern:Mother of Pearl', 'Bezel Color:Silver', 'Bezel Type:Diamond', 'Display:Analog', 'Indices:No Hour Marks', 'Case Color:Silver', 'Case Material:Stainless Steel', 'Case Finish:Polished', 'Case Size:26mm', 'Case Thickness:6mm', 'Watch Shape:Round', 'Water Resistance:30 m (3 ATM)', 'Band/Strap:Bracelet', 'Closure:Hidden Fold Clasp', 'Band Width:14mm', 'Dial Color:Mother of Pearl', 'Max Wrist Size:5.76-6 in (146.3-152.4 mm)', 'With Manual/Booklet:No', 'With Papers:No', 'Band Color:Silver', 'Band Material:Stainless Steel', 'With Original Box/Packaging:No', 'Caseback:Solid', 'Main Stone:Diamond', 'Main Stone Shape:Round', 'Main Stone Creation:Natural', 'Main Stone Qty:40', 'Est. Carat Weight:.10ctw', 'Diamond Color Grade:H - I', 'Diamond Clarity Grade:SI1 - SI2']"
.73ctw Round Cut Diamond Three-Stone Engagement Ring 14k White Gold Size 6.5,$599.99,25225030672,Engagement Rings,"['Metal:White Gold', 'Metal Purity:14k', 'Metal Weight:1.8dwt / 2.79 Grams', 'Type:Engagement Ring', 'Setting Style:Three-Stone', 'Ring Size:6.5', 'Ring Face Height:4.6mm', 'Department:Women', 'Main Stone:Diamond', 'Main Stone Shape:Round', 'Main Stone Creation:Natural', 'Main Stone Quantity:1', 'Estimated Carat Weight:.37ct', 'Main Stone Width:4.64mm', 'Diamond Color Grade:I - J', 'Diamond Clarity Grade:Included (I2)', 'Secondary Stone:Diamond', 'Secondary Stone Shape:Round', 'Secondary Stone Creation:Natural', 'Secondary Stone Quantity:2', 'Secondary Stone Estimated Carat Weight:.36ctw', 'Secondary Stone Width:3.64mm / 3.68mm', 'Secondary Stone Diamond Color Grade:H - I', 'Secondary Stone Diamond Clarity Grade:I1 - I2', 'Est. Total Carat Weight:.73ctw']"
