name,price,item_id,category,description,image_url
Christian Yelich Milwaukee Brewers Autographed Replica Jersey - JSA COA,$99.99,25122007912,Jerseys,"['Sport:Baseball', 'Product:Jersey', 'Original/Reprint:Original', 'Player:Christian Yelich', 'Team:Milwaukee Brewers', 'Autograph Authentication:James Spence Authentication (JSA)', 'Signed:Yes']","['https://assets.pawnamerica.com/ProductImages//554cd984-db32-4e34-bd6a-5e3763b09d49.jpg', 'https://assets.pawnamerica.com/ProductImages//acbd2b91-7f80-484c-b3c0-ea6e3b85f239.jpg', 'https://assets.pawnamerica.com/ProductImages//99f1fd30-dd33-45a2-8417-73ab354cdaad.jpg', 'https://assets.pawnamerica.com/ProductImages//75b94af6-ea5d-4d7b-9a6c-de503075e2db.jpg', 'https://assets.pawnamerica.com/ProductImages//e8af546b-4d11-4e03-a49d-880f4627a860.jpg', 'https://assets.pawnamerica.com/ProductImages//748854b0-33c3-4ac7-9af4-644d2b5dd7dc.jpg']"
Justin Jefferson Auto MN Vikings Beckett Witnessed 26x22 Framed Print - Pick-Up,$329.99,24322046350,Photos,"['Sport:Football', 'Product:Photo', 'Original/Reprint:Original', 'Player:Justin Jefferson', 'Team:Minnesota Vikings', 'Autograph Authentication:Beckett Authentication Services (BAS)', 'Signed:Yes']","['https://assets.pawnamerica.com/ProductImages//6104e7b9-9626-406d-8ff5-22311994d225.jpg', 'https://assets.pawnamerica.com/ProductImages//2ff0a74a-2025-4076-ba57-f980b56adc7e.JPG', 'https://assets.pawnamerica.com/ProductImages//ccaf9c58-9797-4792-a058-3be347a264c6.JPG', 'https://assets.pawnamerica.com/ProductImages//ce5018d5-2ef8-4971-b323-65fca5fdc0a5.JPG', 'https://assets.pawnamerica.com/ProductImages//aa408c1b-8d4b-481c-bac8-ecc7a2f6c70b.JPG', 'https://assets.pawnamerica.com/ProductImages//34d5419c-3985-4325-9171-8c272d9372c8.JPG', 'https://assets.pawnamerica.com/ProductImages//36b7f70c-5d37-4e44-95cf-29efdd767977.JPG']"
Medallion Series NFL Framed Miami Hurricanes NFL Quarterbacks Lithograph / COA,$199.99,23622037412,Lithographs,"['Sport:Football', 'Officially Licensed:Yes']","['https://assets.pawnamerica.com/ProductImages//b5ee0be1-cf79-4de6-ba8a-61014d1a7bae.JPG', 'https://assets.pawnamerica.com/ProductImages//81f05d82-ebd6-4232-8219-ee151be51bbf.JPG', 'https://assets.pawnamerica.com/ProductImages//046e5506-70ac-4961-b196-bee7c34e1ca6.JPG', 'https://assets.pawnamerica.com/ProductImages//d98c0bf4-70f6-4491-9dca-818cc902979e.JPG', 'https://assets.pawnamerica.com/ProductImages//52ad9225-b349-4358-8e8c-0421316b1be1.JPG', 'https://assets.pawnamerica.com/ProductImages//02d45ad0-e7ff-4104-b72b-495021ead49f.JPG', 'https://assets.pawnamerica.com/ProductImages//8071c605-90f1-4e30-b6d1-37ea3c2cff10.JPG', 'https://assets.pawnamerica.com/ProductImages//de7c1a1d-a179-48f3-80de-3471e12ee640.JPG', 'https://assets.pawnamerica.com/ProductImages//d5abe5c2-18d2-4a04-9b19-3d3b309cf96f.JPG', 'https://assets.pawnamerica.com/ProductImages//3c84deaf-a70f-446f-9349-48283c06da48.JPG', 'https://assets.pawnamerica.com/ProductImages//14f811d0-e5d6-4eef-9245-0418ad730d69.JPG', 'https://assets.pawnamerica.com/ProductImages//905859b3-ed7e-4cee-8956-a3322ccc0368.JPG', 'https://assets.pawnamerica.com/ProductImages//a55f4194-5679-4111-9d54-f59233c3ac02.JPG', 'https://assets.pawnamerica.com/ProductImages//22bd2501-c429-45fc-9ef5-53e979672d32.JPG', 'https://assets.pawnamerica.com/ProductImages//2f5131e6-6574-4324-9591-c5269dcf933b.JPG', 'https://assets.pawnamerica.com/ProductImages//a4885039-cade-4b64-add9-8c8a626dc31d.JPG', 'https://assets.pawnamerica.com/ProductImages//5b63e7b6-2e8e-496a-8015-641a77ab98f1.JPG', 'https://assets.pawnamerica.com/ProductImages//89531a14-593e-497c-983a-4d90bd1115b8.JPG', 'https://assets.pawnamerica.com/ProductImages//b2f5574f-9c81-4a49-8743-04064c526ef8.JPG', 'https://assets.pawnamerica.com/ProductImages//6b530b06-be87-4e0a-81bf-53c23d990186.JPG', 'https://assets.pawnamerica.com/ProductImages//11f467d8-c795-4848-8695-4c826f489d88.JPG', 'https://assets.pawnamerica.com/ProductImages//61302e95-7d91-4ce4-8bc9-3c01d67b081f.JPG']"
Justin Jefferson Auto Beckett Witnessed MN Vikings NFL Riddell Helmet Replica,$379.99,24321037464,Helmets,"['Sport:Football', 'Product:Helmet', 'Original/Reprint:Original', 'Player:Justin Jefferson', 'Team:Minnesota Vikings', 'Autograph Authentication:Beckett', 'Signed:Yes']","['https://assets.pawnamerica.com/ProductImages//b9dc0352-3db9-4e0f-a6fb-5c600cf197fe.jpg', 'https://assets.pawnamerica.com/ProductImages//bf74b9b9-8d8e-4fdd-9c4b-08704b85c318.JPG', 'https://assets.pawnamerica.com/ProductImages//f56ea915-9d6b-4eb7-b4eb-0216b1617c76.JPG', 'https://assets.pawnamerica.com/ProductImages//66d9bf58-c3ac-45ee-994c-bfb374c21564.JPG', 'https://assets.pawnamerica.com/ProductImages//bd79f5c6-3641-42d3-af9f-404a92e9e7cd.JPG', 'https://assets.pawnamerica.com/ProductImages//330bfaf7-8f52-4fb9-b601-c8d2607c5d3a.JPG', 'https://assets.pawnamerica.com/ProductImages//0bb4a5b9-526b-435c-be48-7e7fef8e3a53.JPG', 'https://assets.pawnamerica.com/ProductImages//89b98de2-67a4-420a-b935-8144be541681.JPG', 'https://assets.pawnamerica.com/ProductImages//d537f260-ca5a-46db-bbe1-70b6af32e3a1.JPG', 'https://assets.pawnamerica.com/ProductImages//b9d1ba51-9f4c-4903-be12-a965a6b560cc.JPG', 'https://assets.pawnamerica.com/ProductImages//3dc497c6-20f7-47ea-a03a-7c64218d5f01.JPG', 'https://assets.pawnamerica.com/ProductImages//f5b9275e-4ef5-49cd-b38f-513b539539f4.JPG', 'https://assets.pawnamerica.com/ProductImages//4d7420c4-ac22-4e4c-9aa0-2a5b4a2f6d29.JPG', 'https://assets.pawnamerica.com/ProductImages//5b015ff8-cd95-40b0-86bb-0e2bc62d3687.JPG']"
Harrison Smith Auto Beckett Witnessed Salute To Service Vikings Helmet Replica,$299.99,24321037465,Helmets,"['Sport:Football', 'Product:Helmet', 'Original/Reprint:Original', 'Player:Harrison Smith', 'Team:Minnesota Vikings', 'Autograph Authentication:Beckett', 'Signed:Yes']","['https://assets.pawnamerica.com/ProductImages//49025ded-17c5-4b13-a4f3-5804c939d9e1.jpg', 'https://assets.pawnamerica.com/ProductImages//91d84db4-d0a5-4a8a-8b44-3777ef0b8f6b.JPG', 'https://assets.pawnamerica.com/ProductImages//f67123a8-0e03-4e5f-8daa-25c87234935e.JPG', 'https://assets.pawnamerica.com/ProductImages//12a43885-c43c-43ee-97ab-9184d572e3d3.JPG', 'https://assets.pawnamerica.com/ProductImages//b00bb2f1-1ffa-42f9-bfe4-1a92b6a57f96.JPG', 'https://assets.pawnamerica.com/ProductImages//5f6f6da5-0cde-4a63-a49a-81d8d8e8bcd9.JPG', 'https://assets.pawnamerica.com/ProductImages//646ed7fa-9d45-40a9-b025-c31379111cbf.JPG', 'https://assets.pawnamerica.com/ProductImages//43382896-a82e-4e4e-9186-d2459022e2aa.JPG', 'https://assets.pawnamerica.com/ProductImages//818f248f-d610-4699-b497-978577057e95.JPG', 'https://assets.pawnamerica.com/ProductImages//fbb18263-10c7-4025-867a-d28042249107.JPG', 'https://assets.pawnamerica.com/ProductImages//90c2a1dc-9601-4c97-965a-2144f0feab70.JPG', 'https://assets.pawnamerica.com/ProductImages//aa63c064-9065-4f81-a2e1-0d52b9a8b355.JPG', 'https://assets.pawnamerica.com/ProductImages//04b71819-2887-47c3-a2a8-6f0c6f4fcf6b.JPG', 'https://assets.pawnamerica.com/ProductImages//3157ac0d-2aa3-4aec-af4d-25ca8285015c.JPG', 'https://assets.pawnamerica.com/ProductImages//b497436c-7674-4bc6-af8d-7cbefc34785f.JPG']"
Justin Jefferson Auto #18 MN Vikings White Beckett Witnessed Size L NFL Jersey,$299.99,24321037466,Jerseys,"['Sport:Football-NFL', 'Product:Jersey', 'Original/Reprint:Original', 'Player:Justin Jefferson', 'Team:Minnesota Vikings', 'Autograph Authentication:Beckett', 'Country/Region of Manufacture:Guatemala', 'Signed:Yes']","['https://assets.pawnamerica.com/ProductImages//fbb34195-b6c6-46c0-b2aa-938a5dc278b8.jpg', 'https://assets.pawnamerica.com/ProductImages//2804dab2-7553-4dc1-8741-05d4f930e3bd.JPG', 'https://assets.pawnamerica.com/ProductImages//7c252de7-5260-4b99-a476-9ca8e3e21de5.JPG', 'https://assets.pawnamerica.com/ProductImages//5fe59b82-29d0-41c8-8871-291ec8d2617d.JPG', 'https://assets.pawnamerica.com/ProductImages//fc4bfb4d-2d58-4c4b-aa69-63d1333fe938.JPG', 'https://assets.pawnamerica.com/ProductImages//7f6556eb-c0ac-454e-9221-e06ee2072997.JPG', 'https://assets.pawnamerica.com/ProductImages//89c55150-1976-4e01-85c1-2e284d0216e6.jpg', 'https://assets.pawnamerica.com/ProductImages//edd5204c-fb39-4815-bee8-da6dc2600301.JPG', 'https://assets.pawnamerica.com/ProductImages//6cdb792c-f71e-45dd-bece-5d4c09b4bd91.JPG']"
John Randle Autographed #93 MN Vikings NFL Size 44(L)  Jersey -Not Authenticated,$199.99,24321037545,Jerseys,"['Sport:Football-NFL', 'Product:Jersey', 'Original/Reprint:Original', 'Player:John Randle', 'Team:Minnesota Vikings', 'Autograph Authentication:None', 'Country/Region of Manufacture:Vietnam', 'Signed:Yes']","['https://assets.pawnamerica.com/ProductImages//33b82cd2-c588-4337-9bfe-43495142297d.jpg', 'https://assets.pawnamerica.com/ProductImages//310055d8-a16b-4737-b29b-047ecdad4318.JPG', 'https://assets.pawnamerica.com/ProductImages//c1c0bb87-2a16-459a-944e-a263fa3bc521.JPG', 'https://assets.pawnamerica.com/ProductImages//135203d4-4420-4135-b55b-985c1799db24.JPG', 'https://assets.pawnamerica.com/ProductImages//ab3b07f3-c537-4aa2-96f5-d6be94307fa3.JPG', 'https://assets.pawnamerica.com/ProductImages//f29fffb6-65cf-4ea4-b03e-535e81a6d85f.JPG', 'https://assets.pawnamerica.com/ProductImages//29746139-df7c-4534-a09b-abe7d2abdfcd.JPG', 'https://assets.pawnamerica.com/ProductImages//15d753b6-0d61-413e-99d6-49bf70a435ea.JPG', 'https://assets.pawnamerica.com/ProductImages//49689003-b973-4ff1-8eb0-041a43dea150.JPG', 'https://assets.pawnamerica.com/ProductImages//454f47a5-6261-4532-b327-cf79d0d89857.JPG', 'https://assets.pawnamerica.com/ProductImages//54318cdc-ac43-42c0-acd8-d13aaad91f2e.JPG', 'https://assets.pawnamerica.com/ProductImages//d1482499-6a6b-43b8-9501-2e521f79b80a.JPG', 'https://assets.pawnamerica.com/ProductImages//6ee0335f-1eac-4a52-8f92-457bd672cae0.JPG', 'https://assets.pawnamerica.com/ProductImages//260d5fdc-e4d5-4f33-a815-cbedc7ae601d.JPG', 'https://assets.pawnamerica.com/ProductImages//fc892c44-eaaf-4418-8f9f-125b7056ba8d.JPG']"
Krill Kaprizov Autographed #97 Beckett Witnessed MN Wild Size XL Hockey Jersey,$249.99,24321037468,Jerseys,"['Sport:Hockey-NHL', 'Product:Jersey', 'Original/Reprint:Original', 'Player:Krill Kaprizov', 'Team:Minnesota Wild', 'Autograph Authentication:Beckett Authentication Services (BAS)', 'Country/Region of Manufacture:Philippines', 'Signed:Yes']","['https://assets.pawnamerica.com/ProductImages//12c041ab-8f80-4fc5-bb51-a7478dfd7fc3.JPG', 'https://assets.pawnamerica.com/ProductImages//942d59ae-2564-4b04-a61e-cc8396ab5447.JPG', 'https://assets.pawnamerica.com/ProductImages//dada245d-0795-47c8-8521-42435ad093b5.JPG', 'https://assets.pawnamerica.com/ProductImages//b26800f2-7024-4bb4-9662-45426ea41e29.JPG', 'https://assets.pawnamerica.com/ProductImages//4f533cd6-e38e-4693-8a6a-53712e5e7df7.JPG', 'https://assets.pawnamerica.com/ProductImages//56eb1b1c-18ea-4ee6-b8ae-c4df55694324.JPG', 'https://assets.pawnamerica.com/ProductImages//b2f21e25-739a-436a-9bc2-17dc7b0a7529.JPG', 'https://assets.pawnamerica.com/ProductImages//e96a4494-b2ac-4c2b-b046-eaf5497d3015.JPG', 'https://assets.pawnamerica.com/ProductImages//4397e7e6-500f-4e98-b4b9-a439ad90a807.JPG', 'https://assets.pawnamerica.com/ProductImages//b1b64073-3727-4013-aabe-14ee45accd06.JPG', 'https://assets.pawnamerica.com/ProductImages//16cdef25-b5f4-4528-afae-c974969f1853.JPG', 'https://assets.pawnamerica.com/ProductImages//b5ffba4b-96c5-47bc-9ee7-4ea0bf059914.JPG', 'https://assets.pawnamerica.com/ProductImages//dd729047-4bb1-4857-b871-138e16d624a6.JPG']"
Wilson NFL Authentic Football Signed by Troy Aikman With COA,$99.99,23123026185,Football-NFL,"['Player:Troy Aikman', 'Sport:Football', 'League:Nfl', 'Product:Football', 'Brand:Wilson', 'Category:Sports Mem - Cards & Fan Shop > Fan Apparel & Souvenirs > Football-NFL']","['https://assets.pawnamerica.com/ProductImages//1883e543-b3f6-4fb9-9176-18452ef32eaa.jpg', 'https://assets.pawnamerica.com/ProductImages//5cb0b124-ba3f-41c0-91b7-69913eda91ed.jpg', 'https://assets.pawnamerica.com/ProductImages//d7ad9983-297f-4474-aad4-6b231a9d9ecd.jpg', 'https://assets.pawnamerica.com/ProductImages//3733e81b-96d4-4205-a84a-c33202b49e0b.jpg', 'https://assets.pawnamerica.com/ProductImages//5914182d-462f-4e42-86a4-9c15189cca03.jpg', 'https://assets.pawnamerica.com/ProductImages//e8d641f0-bd49-484e-90f0-794e8317d376.jpg']"
Brandon Williams Baltimore Ravens Autographed Jersey With COA,$99.99,23123026187,Football-NFL,"['Player:Brandon Williams', 'Sport:Football', 'Color:Purple', 'League:Nfl', 'Product:Jersey', 'Brand:Nike', 'Size:52', 'Team:Baltimore Ravens', 'Category:Sports Mem - Cards & Fan Shop > Fan Apparel & Souvenirs > Football-NFL']","['https://assets.pawnamerica.com/ProductImages//1a57025a-3c29-4dd8-801a-3729947d6ec1.jpg', 'https://assets.pawnamerica.com/ProductImages//34355b26-5f43-4758-89cf-4873a8c102c8.jpg', 'https://assets.pawnamerica.com/ProductImages//c6a5fa4c-fec9-48ec-abbc-99f8361b75ca.jpg', 'https://assets.pawnamerica.com/ProductImages//03c2e29e-5573-4a34-9c9d-0fba3cb044f9.jpg', 'https://assets.pawnamerica.com/ProductImages//77123094-4b25-4675-923e-0a72160add62.jpg', 'https://assets.pawnamerica.com/ProductImages//c45d9782-1bc5-4ff6-8b9f-53f10720729d.jpg', 'https://assets.pawnamerica.com/ProductImages//583010a9-6abe-41b1-942c-5711d32995f3.jpg', 'https://assets.pawnamerica.com/ProductImages//d8e9765a-05f7-490e-94a6-0138ea55e8e2.jpg', 'https://assets.pawnamerica.com/ProductImages//944c9e3d-6ec0-410d-bbc0-24291666fd50.jpg', 'https://assets.pawnamerica.com/ProductImages//651d907d-f5a1-4557-bf05-4503aefc556f.jpg']"
Tyrann Mathieu Signed Arizona Cardinals NFL Jersey #32,$99.99,23123026189,Football-NFL,"['Player:Tyrann Mathieu', 'Sport:Football', 'Color:Red', 'League:Nfl', 'Product:Jersey', 'Brand:NFL', 'Gender:Men', 'Size:M', 'Team:Arizona Cardinals', 'Category:Sports Mem - Cards & Fan Shop > Fan Apparel & Souvenirs > Football-NFL']","['https://assets.pawnamerica.com/ProductImages//af717a5d-fd75-4302-b5be-35cec6467950.jpg', 'https://assets.pawnamerica.com/ProductImages//5c7cbb1c-e0a6-4153-89ec-6f1ac213431f.jpg', 'https://assets.pawnamerica.com/ProductImages//8e0a5d75-3b90-4a55-a871-86cd8f865927.jpg', 'https://assets.pawnamerica.com/ProductImages//5959b838-a5a2-4940-9511-817c04545aea.jpg', 'https://assets.pawnamerica.com/ProductImages//90de2930-f6a2-4d1d-a963-2f016ce8482d.jpg']"
Kyle Rudolph Autographed Minnesota Vikings Jersey With COA,$99.99,23123026186,Football-NFL,"['Player:Kyle Rudolph', 'Sport:Football', 'Color:Purple', 'League:Nfl', 'Product:Jersey', 'Brand:Nike', 'Gender:Mens', 'Size:48', 'Team:Minnesota Vikings', 'Category:Sports Mem - Cards & Fan Shop > Fan Apparel & Souvenirs > Football-NFL']","['https://assets.pawnamerica.com/ProductImages//43bd14ff-c855-4d67-bc40-42bca69ef567.jpg', 'https://assets.pawnamerica.com/ProductImages//fdea2ef9-2e3d-4dc5-9684-b6dd7850e419.jpg', 'https://assets.pawnamerica.com/ProductImages//bb87b39e-9673-4594-8928-ef0205e7d85f.jpg', 'https://assets.pawnamerica.com/ProductImages//b9f002bf-5ba7-490d-955a-8a648fcac818.jpg', 'https://assets.pawnamerica.com/ProductImages//e7fd43e0-a200-4b1e-9ed1-fb11c41ba67d.jpg', 'https://assets.pawnamerica.com/ProductImages//db7901d5-696b-4e29-a0c8-b8d5b390461f.jpg', 'https://assets.pawnamerica.com/ProductImages//0189946f-0fa7-4acd-b272-d350475424fc.jpg', 'https://assets.pawnamerica.com/ProductImages//6bbb700d-4c4d-430c-bcf2-3bb6697de3c6.jpg']"
Trent Williams Washington Redskins #71 Autographed Jersey,$99.99,23123026190,Football-NFL,"['Player:Trent Williams', 'Sport:Football', 'Color:Red', 'League:Nfl', 'Product:Jersey', 'Team:Washington Redskins', 'Category:Sports Mem - Cards & Fan Shop > Fan Apparel & Souvenirs > Football-NFL']","['https://assets.pawnamerica.com/ProductImages//c233bf6f-bd74-4b21-bcd8-d592294f3c81.jpg', 'https://assets.pawnamerica.com/ProductImages//f64500c1-e427-4405-b213-dfabbb9813af.jpg', 'https://assets.pawnamerica.com/ProductImages//6d14b7ee-f6e7-4470-8eff-395b13571f12.jpg', 'https://assets.pawnamerica.com/ProductImages//f27d508a-374d-4cba-accf-e5c2146382d7.jpg', 'https://assets.pawnamerica.com/ProductImages//28a3ecf3-cb83-4e16-98e7-d24ad51755db.jpg']"
Tennessee Titans Marcus Mariota #8 Signed NFL Jersey,$99.99,23123026191,Football-NFL,"['Player:Marcus Mariota', 'Sport:Football', 'Color:Blue', 'League:Nfl', 'Product:Jersey', 'Size:48', 'Team:Titans', 'Category:Sports Mem - Cards & Fan Shop > Fan Apparel & Souvenirs > Football-NFL']","['https://assets.pawnamerica.com/ProductImages//8d0bf1b6-1cc8-451d-bbff-f4e3d92c7f80.jpg', 'https://assets.pawnamerica.com/ProductImages//ab5b01bb-3cf4-4d77-87ee-1f79e4252c51.jpg', 'https://assets.pawnamerica.com/ProductImages//240f62ec-96dd-4dc0-bd0b-1dfc6d05cd03.jpg', 'https://assets.pawnamerica.com/ProductImages//37ea57fe-6a93-475f-865b-4a05be03b86b.jpg', 'https://assets.pawnamerica.com/ProductImages//2d5b1a5a-ff1d-44d1-b85e-be40ffe8b475.jpg']"
Fandu Big Gold World Heavyweight Wrestling Championship Belt,$199.99,24222026985,Wrestling,"['Product:Belt', 'League:WWE', 'Brand:Fandu', 'Color:Multi-Color', 'Modified Item:No', 'Sport:Wrestling']","['https://assets.pawnamerica.com/ProductImages//3651b855-bd71-4b66-bbd9-695c97bac1f6.jpg', 'https://assets.pawnamerica.com/ProductImages//6a57fd9d-aa8d-463d-afa9-32f4596e3f0f.jpg', 'https://assets.pawnamerica.com/ProductImages//a969612d-4ca3-417c-b75a-1e6cdfdbe49d.jpg', 'https://assets.pawnamerica.com/ProductImages//7ee3dfc4-cec0-429c-8259-c77804cec3f8.jpg', 'https://assets.pawnamerica.com/ProductImages//6ba16300-fa09-4b86-b906-c600b826bcea.jpg', 'https://assets.pawnamerica.com/ProductImages//6aec2e67-7c2b-4c0c-9230-4649fcd24aa1.jpg', 'https://assets.pawnamerica.com/ProductImages//6161dd66-37d6-4463-8b52-d0af9122aff3.jpg']"
Shaquille O'Neil Auto 2003 Topps Certified Mark of Excellence ME-SO Lakers Card,$199.99,24322049317,Trading Card Singles,"['Sport:Basketball', ""Player/Athlete:Shaquille O'Neil"", ""Signed By:Shaquille O'Neil"", 'Manufacturer:Topps', 'Team:Los Angeles Lakers', 'League:National Basketball Association (NBA)', 'Card Name:ME-SO', 'Type:Sports Trading Card', 'Year Manufactured:2003', 'Autograph Authentication:Topps', 'Card Size:Standard', 'Graded:No', 'Autograph Format:Hard Signed', 'Vintage:No', 'Language:English', 'Certification Number:4760268', 'Autograph Authentication Number:4760268']","['https://assets.pawnamerica.com/ProductImages//e1023d4a-a8aa-4b92-b03b-f0b16913e415.JPG', 'https://assets.pawnamerica.com/ProductImages//82b929b7-90df-4603-81bd-57d938946123.JPG', 'https://assets.pawnamerica.com/ProductImages//51147066-5779-450e-ab6d-acb7c7a39e72.JPG', 'https://assets.pawnamerica.com/ProductImages//7c775256-0db2-460c-8a84-40cef044ccd9.JPG', 'https://assets.pawnamerica.com/ProductImages//212b49dd-1517-4c64-afd3-a3526d84d1d0.JPG', 'https://assets.pawnamerica.com/ProductImages//6936ea59-bdf7-4fa7-9044-8f1520aab06e.JPG', 'https://assets.pawnamerica.com/ProductImages//2d975318-28ea-4191-9561-385c14b0318f.JPG', 'https://assets.pawnamerica.com/ProductImages//f1b63cb8-f3f7-4070-bd26-90d6b0978d7c.JPG', 'https://assets.pawnamerica.com/ProductImages//b8a25670-d0d8-490a-a4f9-782cc0c549fb.JPG', 'https://assets.pawnamerica.com/ProductImages//8fcded0b-a196-493f-851f-0e2f0ee5d63b.JPG', 'https://assets.pawnamerica.com/ProductImages//48fc5aad-d01c-43bb-b37d-101941f23f37.JPG', 'https://assets.pawnamerica.com/ProductImages//da34d15b-61d8-479f-9dfc-697e8f6c1bed.JPG']"
NFL Aaron Rodgers Signed Practice Jersey With COA From Green Bay Packers,$1499.99,23123026184,Jerseys,"['Sport:Football-NFL', 'Product:Jersey', 'Original/Reprint:Original', 'Player:Aaron Rodgers', 'Team:Green Bay Packers', 'Autograph Authentication:Yes', 'Modified Item:No', 'Signed:Yes']","['https://assets.pawnamerica.com/ProductImages//d65727aa-1f92-469a-8c42-0738270003dc.JPG', 'https://assets.pawnamerica.com/ProductImages//a0f7a791-a248-43c0-9c3d-27447b865348.JPG', 'https://assets.pawnamerica.com/ProductImages//c3446a0d-f7ea-4960-a651-4bf4964b0bac.JPG', 'https://assets.pawnamerica.com/ProductImages//10421063-b19e-43ab-882c-25284039d42c.JPG', 'https://assets.pawnamerica.com/ProductImages//0252bee9-3882-4c06-931a-80dcf13185f2.JPG', 'https://assets.pawnamerica.com/ProductImages//d6039470-a75b-4fb8-bc17-6a6df843ab22.JPG', 'https://assets.pawnamerica.com/ProductImages//1489afed-8348-412a-93f7-9c199d65a511.JPG']"
Wild Card Patrick Mahomes Dino-MIGHT Alumination AD-PM4 Football Card (1/1),$729.99- $656.98,23721050520,Trading Card Singles,"['Sport:NFL', 'Player/Athlete:Patrick Mahomes', 'Manufacturer:Wild Card', 'Card Name:Dino-MIGHT Alumination', 'Card Number:AD-PM4', 'Print Run:1/1']","['https://assets.pawnamerica.com/ProductImages//24a3b32b-7c2f-430e-9377-da4e5bbd7550.JPG', 'https://assets.pawnamerica.com/ProductImages//58ebf6bc-7234-49be-8415-c457a97cb35f.JPG', 'https://assets.pawnamerica.com/ProductImages//72d411cc-a05f-4d1b-95ac-70af0b0a9030.JPG', 'https://assets.pawnamerica.com/ProductImages//c096f3d2-bd40-452d-871f-4a5178929cdd.JPG', 'https://assets.pawnamerica.com/ProductImages//0b6f5002-3c97-44b0-ae03-4c2ebfb58932.JPG', 'https://assets.pawnamerica.com/ProductImages//6878591a-5ae3-47d1-bf3c-04062f360e8d.JPG', 'https://assets.pawnamerica.com/ProductImages//41172b51-7356-4250-aa75-3b20a6bafe68.JPG']"
2023-2024 Upper Deck Young Guns Connor Bedard ROOKIE #451 Trading Card,$399.99,23721052228,Trading Card Singles,"['Sport:Ice Hockey', 'Player/Athlete:Connor Bedard', 'Manufacturer:Upper Deck', 'League:National Hockey League (NHL)', 'Card Number:#451', 'Type:Sports Trading Card', 'Year Manufactured:2023', 'Graded:No']","['https://assets.pawnamerica.com/ProductImages//75e8fae2-990b-4c2d-bff7-d531bc5d53b7.jpg', 'https://assets.pawnamerica.com/ProductImages//c1980599-d592-4b35-9bf2-770eab10b36a.jpg', 'https://assets.pawnamerica.com/ProductImages//82a1d5d7-4bed-4e73-a78c-e6f6e04a3ef4.jpg', 'https://assets.pawnamerica.com/ProductImages//56ab47c5-f53d-4a77-b781-4a6197c68a2a.jpg', 'https://assets.pawnamerica.com/ProductImages//2f7e0d8f-8bcf-475c-b5e2-caf785e36121.jpg', 'https://assets.pawnamerica.com/ProductImages//76a41ad5-b243-4256-a626-10bfe5c01571.jpg']"
Nike NFL Minnesota Vikings Jersey #55 Za'Darius Smith Autographed Jersey,$54.99,24222027020,Jerseys,"['Sport:Football-NFL', 'Product:Jersey', 'Original/Reprint:Original', ""Player:Za'Darius Smith"", 'Team:Minnesota Vikings', 'Autograph Authentication:Beckett', 'Signed:Yes']","['https://assets.pawnamerica.com/ProductImages//1ed5936d-ff20-47ad-b07b-cc8217e7afdd.jpg', 'https://assets.pawnamerica.com/ProductImages//65acec79-2cd1-48e0-829a-ded6823ba18e.jpg', 'https://assets.pawnamerica.com/ProductImages//f32365cb-6b85-4ea7-8b11-8daee05f974a.jpg', 'https://assets.pawnamerica.com/ProductImages//17d63252-1acf-4bcd-9343-23c13d4d7565.jpg', 'https://assets.pawnamerica.com/ProductImages//05655fa5-de42-4f42-babf-448c5262b664.jpg']"
"Nike Minnesota Vikings NFL T.J, Hockenson #87 Autographed Jersey 7023",$249.99,24222027023,Jerseys,"['Sport:Football-NFL', 'Product:Jersey', 'Original/Reprint:Original', 'Player:T.J. Hockenson', 'Team:Minnesota Vikings', 'Autograph Authentication:Beckett', 'Signed:Yes']","['https://assets.pawnamerica.com/ProductImages//4f056c8e-f1f7-49fe-aee3-d3b319d839cf.jpg', 'https://assets.pawnamerica.com/ProductImages//7814d838-d6e7-412a-8e57-522f873a7f1b.jpg', 'https://assets.pawnamerica.com/ProductImages//6ebeb083-8eb4-4650-b61d-f5eb82c41a44.jpg', 'https://assets.pawnamerica.com/ProductImages//330499b6-c935-44c3-bdb7-d22aafc71aed.jpg', 'https://assets.pawnamerica.com/ProductImages//b4dce367-0364-4ece-8af4-7c2d9300449c.jpg']"
Fanatics NHL Officially Licensed Kirill Kaprizov #97 Autographed Hockey Jersey,$279.99,24222027015,Jerseys,"['Sport:Hockey-NHL', 'Product:Jersey', 'Original/Reprint:Original', 'Player:Kirill Kaprizov', 'Team:Minnesota Wild', 'Autograph Authentication:Beckett Authentication Services (BAS)', 'Signed:Yes']","['https://assets.pawnamerica.com/ProductImages//91dc5a80-ea8d-4995-b23b-66dd3533c1d3.jpg', 'https://assets.pawnamerica.com/ProductImages//bd03a24d-bf36-4d17-9ed2-012341140b07.jpg', 'https://assets.pawnamerica.com/ProductImages//68548a3f-c3b7-4178-ad22-4157ce90fe0e.jpg', 'https://assets.pawnamerica.com/ProductImages//d261462b-c2d2-4af5-95ad-d1c4b6d33c05.jpg', 'https://assets.pawnamerica.com/ProductImages//cfe0bf48-1ae3-4a2b-8fa5-46ac5064c55e.jpg', 'https://assets.pawnamerica.com/ProductImages//b86ff55b-ad06-4afa-ac84-4c366fd0d6ae.jpg']"
Upper Deck 1998 Choice Starquest/RookQuest Blue #SR1 J. Elway/P. Manning Grade 9,$39.99- $35.98,24222026631,Trading Card Singles,"['Sport:Football', 'Player/Athlete:John Elway / Eli Manning', 'Autographed:No', 'Type:Sports Trading Card', 'Grade:9', 'Graded:Yes', 'Professional Grader:Beckett Grading Services (BGS)']","['https://assets.pawnamerica.com/ProductImages//1cc29d45-bdbb-4029-b8d1-c0f9b39f0327.jpg', 'https://assets.pawnamerica.com/ProductImages//3a82e265-9d66-46f2-b22c-9a66e61e80b5.jpg', 'https://assets.pawnamerica.com/ProductImages//1180d37f-c1b4-4a77-9a54-54f84fbde413.jpg', 'https://assets.pawnamerica.com/ProductImages//a05b5d3a-17c0-4735-b1f6-3c9371aef161.jpg', 'https://assets.pawnamerica.com/ProductImages//39628385-cfdd-4bbd-b3a8-91685360e44a.jpg']"
Minnesota Wild Beckett Kirill Kaprizov #97 Autographed NHL Hockey Jersey,$279.99,24222027016,Jerseys,"['Sport:Hockey-NHL', 'Product:Jersey', 'Original/Reprint:Original', 'Player:Kirill Kaprizov', 'Team:Minnesota Wild', 'Autograph Authentication:Beckett Authentication Services (BAS)', 'Signed:Yes']","['https://assets.pawnamerica.com/ProductImages//d2b54b28-8532-4c0c-8785-7f5204b3f815.jpg', 'https://assets.pawnamerica.com/ProductImages//65f7e454-b7d6-44d7-83ce-9fa55bde3792.jpg', 'https://assets.pawnamerica.com/ProductImages//9fb57ba0-e166-4ac8-b64a-e2362f9d57a0.jpg', 'https://assets.pawnamerica.com/ProductImages//f34d19d7-2eb4-4a0f-993e-c7ef2baff7ba.jpg', 'https://assets.pawnamerica.com/ProductImages//a11f09f9-f8d8-43f1-bcff-28a9eff207a5.jpg', 'https://assets.pawnamerica.com/ProductImages//05f2c50c-d775-44cf-bc0f-9bc620b58ddf.JPG']"
Reggie Jackson Auto Hall of Fame 1993 Yankees #44 Retired 27x23 Print - Pick-Up,$129.99,24321037537,"Lithographs, Posters & Prints","['Sport:Baseball-MLB', 'Product:Lithograph, Poster & Print', 'Original/Reprint:Original', 'Player:Reggie Jackson', 'Signed:Yes']","['https://assets.pawnamerica.com/ProductImages//469816e7-df71-4010-8f9e-4431bdfd7890.jpg', 'https://assets.pawnamerica.com/ProductImages//45d67863-74fa-4239-b7a0-b9446b89f534.JPG', 'https://assets.pawnamerica.com/ProductImages//57632fc1-fbc2-47a8-ba4a-1d7c60fabd0b.JPG', 'https://assets.pawnamerica.com/ProductImages//32f215e2-5f1c-4c96-ba2a-e60dc831eed3.JPG', 'https://assets.pawnamerica.com/ProductImages//7f5691ee-401b-4127-8a95-f47c7e300ab0.JPG', 'https://assets.pawnamerica.com/ProductImages//76224d83-f1f9-4cbb-89fb-6d47666e0a75.JPG', 'https://assets.pawnamerica.com/ProductImages//e03e4e13-74fc-4c0c-a28a-5125565f1edb.JPG', 'https://assets.pawnamerica.com/ProductImages//e7e8d5cb-86a7-4b1d-9919-6259de556ed5.JPG']"
Panini 2024 Racing RC Donruss NPP Blaster NASCAR Box 164474 (20-Box / 1 Case),$299.99,24321037535,Sealed Trading Card Boxes,"['Manufacturer:Panini', 'Set:Racing RC Donruss NPP Blaster Boxes', 'Sport:Racing-NASCAR', 'League:Major League (MLB)', 'Type:Sports Trading Card', 'MPN:00746134164743']","['https://assets.pawnamerica.com/ProductImages//d687df30-26f0-4134-94bd-aaa95c315281.JPG', 'https://assets.pawnamerica.com/ProductImages//9ae0de48-8d27-4789-9693-755309bd714f.JPG', 'https://assets.pawnamerica.com/ProductImages//015477c2-3de2-41f3-bbaa-bb891a976eeb.JPG', 'https://assets.pawnamerica.com/ProductImages//76c696a4-78f1-4b9d-b55a-173cee695845.JPG', 'https://assets.pawnamerica.com/ProductImages//3930bf14-aced-4149-8da8-bd6996b5c426.JPG', 'https://assets.pawnamerica.com/ProductImages//7fbeb769-f2c4-4f95-b6fd-d220f56d67f8.JPG', 'https://assets.pawnamerica.com/ProductImages//5b664107-d93b-4636-a838-9303863c542f.JPG', 'https://assets.pawnamerica.com/ProductImages//cbb346fd-9550-400d-8a9b-cdc59abe06f4.JPG', 'https://assets.pawnamerica.com/ProductImages//03d70c95-32cd-42c6-8498-e66ca79b5acd.JPG', 'https://assets.pawnamerica.com/ProductImages//bc5af057-29d8-4c42-984c-69acfbf93654.JPG', 'https://assets.pawnamerica.com/ProductImages//e0ebe80a-a99b-4bb0-8185-c9143cbad244.JPG']"
Panini 2024 Baseball BB Boys of Summer Crusade Mega Box 20 Boxes / 1 Sealed Case,$699.99,24321037534,Sealed Trading Card Boxes,"['Manufacturer:Panini', 'Set:Baseball Boys of Summer Crusade', 'Sport:Baseball', 'League:Major League (MLB)', 'Number of Boxes:20', 'Language:English', 'MPN:16631']","['https://assets.pawnamerica.com/ProductImages//ed322571-07ba-4ab9-9ad4-b4672b167930.JPG', 'https://assets.pawnamerica.com/ProductImages//89b24211-eb4b-4977-816b-cd60cf68f59b.JPG', 'https://assets.pawnamerica.com/ProductImages//02b088ef-0f35-4255-9a52-061612666298.JPG', 'https://assets.pawnamerica.com/ProductImages//5d151be2-e881-458f-a9da-59ed41322435.JPG', 'https://assets.pawnamerica.com/ProductImages//3c40ccca-31fa-4368-999b-e52824c8c505.JPG', 'https://assets.pawnamerica.com/ProductImages//4d9f570e-8552-4ea2-b335-ff42e724f4c7.JPG', 'https://assets.pawnamerica.com/ProductImages//76f1ee8c-9d18-401b-b97f-96f49da15b9f.JPG', 'https://assets.pawnamerica.com/ProductImages//df5135b9-1a7f-4118-a929-8d3a175b5f2b.JPG', 'https://assets.pawnamerica.com/ProductImages//fe2a7acd-e788-4622-899b-b81a01b73210.JPG', 'https://assets.pawnamerica.com/ProductImages//17281477-3c28-439d-a800-3b6e56a4c766.JPG', 'https://assets.pawnamerica.com/ProductImages//fea8031a-9c2b-4b3a-9c92-1e6342fd517c.JPG', 'https://assets.pawnamerica.com/ProductImages//5bc408bf-a23a-4dc0-8270-d0e66d670b3c.png']"
Joe Ryan 2019 Leaf Metal Draft State Pride Pre-Production Beckett Orange Card,$39.99,24321030546,Trading Card Singles,"['Sport:Baseball', 'Player/Athlete:Joe Ryan', 'League:Major League (MLB)', 'Type:Sports Trading Card', 'Card Size:Standard', 'Language:English']","['https://assets.pawnamerica.com/ProductImages//f3989f4c-d551-4730-9871-85df3532bfad.JPG', 'https://assets.pawnamerica.com/ProductImages//9066d153-ddcc-42b5-ad6d-c4ebe5740390.JPG', 'https://assets.pawnamerica.com/ProductImages//161afc8f-3dcb-4964-b014-43d3f75070a5.JPG', 'https://assets.pawnamerica.com/ProductImages//a33eeebb-adeb-4314-b339-6887c0eac522.JPG', 'https://assets.pawnamerica.com/ProductImages//66608d64-9b64-4ba7-8003-b0fe8c5a7d32.JPG', 'https://assets.pawnamerica.com/ProductImages//14381b96-1ee9-4389-ba69-56ba6e8e025a.JPG', 'https://assets.pawnamerica.com/ProductImages//a9a82994-4782-4681-b705-faa36fb6f2d0.JPG', 'https://assets.pawnamerica.com/ProductImages//53624410-1a0e-46c3-a63f-35fb2e3c00a2.JPG', 'https://assets.pawnamerica.com/ProductImages//c9576304-17a0-4909-a2f3-3f07bea1fc6e.JPG']"
Los Angeles Raiders Fred Biletnikoff Autographed Black #25 Jersey Size XL,$124.99,24222027024,Jerseys,"['Sport:Football-NFL', 'Product:Jersey', 'Original/Reprint:Original', 'Player:Fred Biletnikoff', 'Team:Los Angeles Raiders', 'Autograph Authentication:Beckett', 'Signed:Yes']","['https://assets.pawnamerica.com/ProductImages//bead0177-95ef-4f8f-9572-ec5698e11236.jpg', 'https://assets.pawnamerica.com/ProductImages//43c61845-fd58-4afa-b92f-f899c76f146b.jpg', 'https://assets.pawnamerica.com/ProductImages//bf510742-3390-41a6-a16f-a550d16c863b.jpg', 'https://assets.pawnamerica.com/ProductImages//e6f3b33c-5066-403e-a0f9-b5aace66f781.jpg', 'https://assets.pawnamerica.com/ProductImages//550b5519-5be7-42e3-a655-38bc0dae8e25.jpg']"
Panini 2024 Basketball BK Euroleague Prizm TC NPP Blaster 17605 (20-PC / 1 Case),$499.99,24321037532,Sealed Trading Card Boxes,"['Manufacturer:Panini', 'Set:2024 Basketball BK Euroleague Prizm (23-24)', 'Sport:Basketball', 'Year Manufactured:2024', 'Number of Boxes:20', 'Type:Sports Trading Card', 'Language:English', 'MPN:00746134176050']","['https://assets.pawnamerica.com/ProductImages//2313f3bf-c496-4dcd-ae89-d0603f6d2d69.JPG', 'https://assets.pawnamerica.com/ProductImages//bed88c89-190f-4d15-b375-428652abd344.JPG', 'https://assets.pawnamerica.com/ProductImages//3f5fef8a-58d7-4500-917e-f65378a2903a.JPG', 'https://assets.pawnamerica.com/ProductImages//4d995bfb-4f23-4c92-9d48-1b558a0b9d5f.JPG', 'https://assets.pawnamerica.com/ProductImages//9c534efd-be8c-4b7e-84f5-738ebe9e22b9.JPG', 'https://assets.pawnamerica.com/ProductImages//7e8d847a-0341-41cd-801b-dacb4178cb79.JPG', 'https://assets.pawnamerica.com/ProductImages//99090185-3f73-4ee1-a9e2-0b02f9768381.JPG', 'https://assets.pawnamerica.com/ProductImages//10dd27d0-5369-440b-87b1-b7b54d610fd9.JPG']"
Byron Buxton Auto 2021 Topps Stadium Club MN Twins Beckett Authenticated Card,$49.99,24321037526,Trading Card Singles,"['Sport:Baseball', 'Player/Athlete:Byron Buxton', 'Manufacturer:Topps', 'Team:Minnesota Twins', 'Card Number:63', 'Type:Sports Trading Card', 'Card Size:Standard', 'Graded:No', 'Professional Grader:Beckett Grading Services (BGS)', 'Language:English']","['https://assets.pawnamerica.com/ProductImages//bb548e67-a135-4885-80d7-20b68b8223a0.JPG', 'https://assets.pawnamerica.com/ProductImages//3521779d-3173-40c3-8f09-4c0644df40ae.JPG', 'https://assets.pawnamerica.com/ProductImages//107894d7-2ea2-4e84-b148-3c2ee22d1db1.JPG', 'https://assets.pawnamerica.com/ProductImages//325c52b1-ee1c-451c-b6e3-744d145bbfc3.JPG', 'https://assets.pawnamerica.com/ProductImages//b0ab01e1-635e-44f1-8e3a-ebd859228815.JPG', 'https://assets.pawnamerica.com/ProductImages//29eacc13-b544-4de1-a04b-d2076b4ac94e.JPG', 'https://assets.pawnamerica.com/ProductImages//6b26d777-0af3-4530-9e9e-14f67fa6d7d3.JPG', 'https://assets.pawnamerica.com/ProductImages//c773b3af-1fde-45d5-8340-7ffe6ab09c89.JPG', 'https://assets.pawnamerica.com/ProductImages//41955fe0-a4b5-4733-bf12-f89dd21c0401.JPG', 'https://assets.pawnamerica.com/ProductImages//d6d7fd1e-a4ff-41bb-843d-2131af565c2f.JPG']"
Joe Ryan 2019 Leaf Variant Draft Pre-Production Proof Prismatic Green MLB Card,$49.99,24321030547,Trading Card Singles,"['Sport:Baseball', 'Player/Athlete:Joe Ryan', 'Manufacturer:Topps', 'League:Major League (MLB)', 'Type:Sports Trading Card', 'Card Size:Standard']","['https://assets.pawnamerica.com/ProductImages//c3da65d5-f793-4654-9f0e-dea4f4bf81dc.JPG', 'https://assets.pawnamerica.com/ProductImages//3cfd907e-2a54-4469-8ef5-2c9a92b418f3.JPG', 'https://assets.pawnamerica.com/ProductImages//1e323b0e-068e-4124-b599-dee9c4a6de9c.JPG', 'https://assets.pawnamerica.com/ProductImages//ebb69fc5-b58f-4f48-bdb3-5cf73fd7919d.JPG', 'https://assets.pawnamerica.com/ProductImages//f6584ba1-a37f-4773-ab11-01a2ac020139.JPG', 'https://assets.pawnamerica.com/ProductImages//19096456-0b00-4cf4-83eb-dcdad6a7ca27.JPG', 'https://assets.pawnamerica.com/ProductImages//0869a371-7bdc-4e8b-81cb-2be850fdc634.JPG', 'https://assets.pawnamerica.com/ProductImages//00df82ca-548a-4803-8558-e6794e887743.JPG', 'https://assets.pawnamerica.com/ProductImages//fa80c236-e017-4ff6-bfee-02310c47a55c.JPG']"
Byron Buxton Topps 2022 City Flag Patch CFP-BB Minneapolis Pride MN Twins Card,$59.99,24321037527,Trading Card Singles,"['Sport:Baseball', 'Player/Athlete:Byron Buxton', 'Signed By:Byron Buxton', 'Manufacturer:Topps', 'Team:Minnesota Twins', 'League:Major League (MLB)', 'Autographed:Yes', 'Card Name:CFP-BB', 'Type:Sports Trading Card', 'Year Manufactured:2022', 'Autograph Authentication:Beckett Authentication Services (BAS)', 'Language:English', 'Autograph Authentication Number:BH020742']","['https://assets.pawnamerica.com/ProductImages//fef6ea04-e4c8-4837-bcb9-310b95e94927.JPG', 'https://assets.pawnamerica.com/ProductImages//565485b9-8ae1-4ebb-9d79-050973f2a159.JPG', 'https://assets.pawnamerica.com/ProductImages//7ac004bf-5831-4386-973e-fba474009dac.JPG', 'https://assets.pawnamerica.com/ProductImages//65623844-50a2-4e3a-9ece-9da0a4d6ad51.JPG', 'https://assets.pawnamerica.com/ProductImages//10c984ea-e07a-43b4-9f5d-298d03ba695b.JPG', 'https://assets.pawnamerica.com/ProductImages//18d501b8-bb29-436b-86ac-e916f11b90ca.JPG', 'https://assets.pawnamerica.com/ProductImages//772cb9cd-6e37-447c-b200-4b4cd535e25b.JPG', 'https://assets.pawnamerica.com/ProductImages//a717a7ee-fc2e-4b5b-aa63-f9dd8b823bcc.JPG', 'https://assets.pawnamerica.com/ProductImages//cb54d469-71e2-4c31-b8c9-06834a09db14.JPG', 'https://assets.pawnamerica.com/ProductImages//11297e41-fc22-447e-a651-e7d251a0ad4b.JPG']"
Max Kepler Auto Topps 2021 #41 Minnesota Twins Baseball MLB Trading Card - 53/75,$49.99,24321037529,Trading Card Singles,"['Sport:Baseball', 'Player/Athlete:Max Kepler', 'Signed By:Max Kepler', 'Manufacturer:Topps', 'Team:Minnesota Twins', 'League:Major League (MLB)', 'Autographed:Yes', 'Card Number:41', 'Type:Sports Trading Card', 'Autograph Authentication:Fanatics Authentic', 'Card Size:Standard', 'Original/Licensed Reprint:Original', 'Language:English', 'Autograph Authentication Number:B492149']","['https://assets.pawnamerica.com/ProductImages//45af5d42-7a25-48e3-bbd9-8247e72c262d.JPG', 'https://assets.pawnamerica.com/ProductImages//22b8d74b-1f9a-4374-87e3-7abf6e283f3b.JPG', 'https://assets.pawnamerica.com/ProductImages//eb31b30c-f7f7-429a-aa76-29e4e4c9f76f.JPG', 'https://assets.pawnamerica.com/ProductImages//66fe55ec-6914-4300-b759-a6f884edbe1b.JPG', 'https://assets.pawnamerica.com/ProductImages//ada306f3-af94-43d8-9105-3c331aefc709.JPG', 'https://assets.pawnamerica.com/ProductImages//9f29bc08-32c2-49f0-b0b2-4a0c8c0165b1.JPG', 'https://assets.pawnamerica.com/ProductImages//fdcb235c-5051-48eb-bc44-c5b4d17ed7c1.JPG', 'https://assets.pawnamerica.com/ProductImages//41fdf235-502e-4267-8b96-0560f0ec398c.JPG', 'https://assets.pawnamerica.com/ProductImages//7a423c4e-9a27-40e8-ad41-28fe1b58898a.JPG', 'https://assets.pawnamerica.com/ProductImages//a4930780-e4ce-4d99-9a12-fe99277ca12f.JPG']"
Harrison Smith Auto #22 Beckett Witnessed Minnesota Vikings 3XL NFL Jersey,$169.99,24321037550,Jerseys,"['Sport:Football-NFL', 'Product:Jersey', 'Original/Reprint:Original', 'Player:Harrison Smith', 'Team:Minnesota Vikings', 'Autograph Authentication:Beckett', 'Country/Region of Manufacture:Guatemala', 'Signed:Yes']","['https://assets.pawnamerica.com/ProductImages//0bdb905b-bf48-4d8f-9a1e-248129e2d0a1.jpg', 'https://assets.pawnamerica.com/ProductImages//61662457-6883-471f-a55a-858e86556c56.JPG', 'https://assets.pawnamerica.com/ProductImages//95081533-48a0-4aaa-ba8c-3f56fb827397.JPG', 'https://assets.pawnamerica.com/ProductImages//f889d1e5-de76-4a6a-992c-dc75d35c256e.JPG', 'https://assets.pawnamerica.com/ProductImages//147150df-97b5-4aa3-8e6c-e310217c370c.JPG', 'https://assets.pawnamerica.com/ProductImages//486f322c-7d2a-4888-9a4e-d1d98cce41bb.JPG', 'https://assets.pawnamerica.com/ProductImages//a519b850-26b0-4449-b64b-6c6313b5e5c7.JPG', 'https://assets.pawnamerica.com/ProductImages//ef017c22-e485-4d5f-808a-1fc957eee3b9.JPG', 'https://assets.pawnamerica.com/ProductImages//3218c2a7-e736-431a-9d5a-4b4744f5a0c0.JPG', 'https://assets.pawnamerica.com/ProductImages//25f9fa6d-a828-42b0-b59d-fd0c16f39466.JPG', 'https://assets.pawnamerica.com/ProductImages//a68f5441-3abe-45b3-949a-f90205d36760.JPG', 'https://assets.pawnamerica.com/ProductImages//e066cf92-9b19-4fa7-9341-af17ee3fdcfa.JPG', 'https://assets.pawnamerica.com/ProductImages//a0343678-8baa-4ff7-a1dc-a2c843d36eed.JPG', 'https://assets.pawnamerica.com/ProductImages//89ebe642-1364-4a00-b21b-32ffdb7d0db4.JPG', 'https://assets.pawnamerica.com/ProductImages//50e6d163-3647-48d0-b55b-e8021ce6766d.JPG', 'https://assets.pawnamerica.com/ProductImages//6a9d8fb8-0162-439f-bd26-0253cab8877f.JPG']"
Wilson Miami Dolphins Dan Marino Autographed Jersey #13,$299.99,24221016272,Jerseys,"['Sport:Football-NFL', 'Product:Jersey', 'Original/Reprint:Original', 'Player:Dan Marino', 'Team:Miami Dolphins', 'Autograph Authentication:JSA', 'Signed:Yes']","['https://assets.pawnamerica.com/ProductImages//4111c368-afbd-429f-ad23-00fdf261a89f.jpg', 'https://assets.pawnamerica.com/ProductImages//12c12eaa-9af1-4ffb-82ca-3c8d878d25bb.jpg', 'https://assets.pawnamerica.com/ProductImages//c103c757-35a1-4f82-b0d2-98a35efd99fb.jpg', 'https://assets.pawnamerica.com/ProductImages//e163eb38-b494-40ac-a4bc-6e3d909a5682.jpg', 'https://assets.pawnamerica.com/ProductImages//96a5db9b-4e06-48a7-a67e-ff4b7d857548.jpg']"
Panini 2024 (201700) Prizm K League Soccer Hobby Box #16297 (10-PC / 1 Case) Set,$999.99,24321037536,Sealed Trading Card Boxes,"['Manufacturer:Panini', 'Set:2024 Prizm K League Soccer Hobby Boxes', 'Sport:Soccer', 'Year Manufactured:2024', 'Configuration:Box', 'Number of Boxes:10', 'Type:Sports Trading Card', 'Country/Region of Manufacture:United States', 'Language:English', 'MPN:16297 201700 00746134162978']","['https://assets.pawnamerica.com/ProductImages//a42eaefe-2fa8-4c0b-abc6-95140be4a0d0.JPG', 'https://assets.pawnamerica.com/ProductImages//11297a2d-2b6f-4f72-94cc-b41f052b8a04.JPG', 'https://assets.pawnamerica.com/ProductImages//f70543c3-54da-4cb9-bfb5-4eedf2004e0f.JPG', 'https://assets.pawnamerica.com/ProductImages//2f1b0b6a-51ef-4dce-bc40-73e503af9596.JPG', 'https://assets.pawnamerica.com/ProductImages//bfaed478-2186-48c1-9200-bb6a51981947.JPG', 'https://assets.pawnamerica.com/ProductImages//1cec62e1-82e6-4037-8ba5-b51c4d134d2a.JPG', 'https://assets.pawnamerica.com/ProductImages//636d24d1-00b5-4cac-be9c-b2f4a36be155.JPG', 'https://assets.pawnamerica.com/ProductImages//a25c81da-0979-4496-a314-115f83ab23fc.JPG', 'https://assets.pawnamerica.com/ProductImages//406eb2d3-768e-4da9-b1c7-55bdd29273a3.JPG']"
Brooks Lee Auto 2023 Topps Bowman Inception MN Twins MLB Baseball Card - 04/50,$59.99,24341000253,Trading Card Singles,"['Sport:Baseball', 'Player/Athlete:Brooks Lee', 'Team:Minnesota Twins', 'League:Major League (MLB)', 'Autographed:Yes', 'Card Name:Inception', 'Type:Sports Trading Card', 'Graded:No', 'Vintage:No', 'Language:English']","['https://assets.pawnamerica.com/ProductImages//f5235be8-4745-462c-a269-25b4049c9174.JPG', 'https://assets.pawnamerica.com/ProductImages//04183d00-2dda-4d89-a10e-79c47a525e19.JPG', 'https://assets.pawnamerica.com/ProductImages//67918343-464b-42df-add1-7ae8f14a8677.JPG', 'https://assets.pawnamerica.com/ProductImages//1afe20ba-2e42-4d81-a3ee-f87f2f867e7a.JPG', 'https://assets.pawnamerica.com/ProductImages//941fb43a-e656-42f8-837d-ae8f0537e674.JPG', 'https://assets.pawnamerica.com/ProductImages//15196eb4-7621-40ca-8df2-32d41b964dd5.JPG', 'https://assets.pawnamerica.com/ProductImages//d03db711-95f8-474d-9f43-e77cda580d00.JPG', 'https://assets.pawnamerica.com/ProductImages//6d2cc879-4d70-4146-be48-c3a9ae8456d8.JPG', 'https://assets.pawnamerica.com/ProductImages//443ea6f1-da2a-4fd1-8575-b7b6cb0380db.JPG', 'https://assets.pawnamerica.com/ProductImages//6ae30d39-6e7b-4279-8046-2c617f732c84.JPG', 'https://assets.pawnamerica.com/ProductImages//25a70e7f-b3dc-402d-8d39-650a4f6273b2.JPG']"
Minnesota Wild Beckett Authenticated Kevin Fiala #22 Autographed Jersey Size XL,$149.99,24222027028,Jerseys,"['Sport:Hockey-NHL', 'Product:Jersey', 'Original/Reprint:Original', 'Team:Minnesota Wild', 'Autograph Authentication:Beckett Authentication Services (BAS)', 'Signed:Yes']","['https://assets.pawnamerica.com/ProductImages//e31952e9-ab91-4ea8-98de-939d8fdaf249.jpg', 'https://assets.pawnamerica.com/ProductImages//70b1f005-e246-4e0c-8b35-bd406c658bd3.jpg', 'https://assets.pawnamerica.com/ProductImages//c1a3ec70-7d3c-4170-b9de-dd5b6dfb0699.jpg', 'https://assets.pawnamerica.com/ProductImages//e51f2ae8-3166-4a37-ae10-750bb3f22dd7.jpg', 'https://assets.pawnamerica.com/ProductImages//bf179e0d-746c-4afb-a337-c5ff500f9f38.jpg']"
Justin Jefferson The Highland Mint 16x13 MN Vikings Print 7543 - Pick-Up Only,$59.99,24321037543,Autographs-Reprints,"['Sport:Football', 'Object Type:Frame', 'Original/Reprint:Authorized/Licensed Reprint', 'Team:Minnesota Vikings']","['https://assets.pawnamerica.com/ProductImages//90b0cd84-d75d-4550-9d8d-457b30351378.JPG', 'https://assets.pawnamerica.com/ProductImages//0e5e02d9-cb08-442e-9c16-e646bdc4b2eb.JPG', 'https://assets.pawnamerica.com/ProductImages//2f92615e-fe51-4966-8955-f5db6a7c258f.JPG', 'https://assets.pawnamerica.com/ProductImages//725e1622-670c-45a0-a519-49f5ddcc269f.JPG', 'https://assets.pawnamerica.com/ProductImages//f8109940-78ff-4185-acd5-9b6613af15eb.JPG', 'https://assets.pawnamerica.com/ProductImages//956d5357-f62e-4f31-8380-60cb9a5f17f5.JPG', 'https://assets.pawnamerica.com/ProductImages//6b10775c-06c3-42ec-9018-4cbb7043dbed.JPG', 'https://assets.pawnamerica.com/ProductImages//de60dde6-652b-4693-9b29-5bc211f870d4.JPG', 'https://assets.pawnamerica.com/ProductImages//5baa4a1a-bd5b-4e98-8ed8-cd233e5f494a.JPG', 'https://assets.pawnamerica.com/ProductImages//9b2e6fb8-5d33-4139-8bfa-c6f79178ca88.JPG', 'https://assets.pawnamerica.com/ProductImages//53e8ab31-99b6-41f5-bb93-6e3592bf67a4.JPG']"
Justin Jefferson The Highland Mint 16x13 Minnesota Vikings Print - Pick-Up Only,$59.99,24321037542,Autographs-Reprints,"['Sport:Football', 'Object Type:Print', 'Original/Reprint:Authorized/Licensed Reprint', 'Team:Minnesota Vikings']","['https://assets.pawnamerica.com/ProductImages//c8ba72d6-a53d-4018-943c-76518fab1293.JPG', 'https://assets.pawnamerica.com/ProductImages//8eac2a0f-7365-4029-bf44-a11b7a8134ee.JPG', 'https://assets.pawnamerica.com/ProductImages//0feeffef-c3e5-4bba-b87e-29ab3cf5902c.JPG', 'https://assets.pawnamerica.com/ProductImages//abfc617a-22ae-4484-a0e4-be3e66499f05.JPG', 'https://assets.pawnamerica.com/ProductImages//e220567c-6ab7-4a25-8b90-4639e599f1c0.JPG', 'https://assets.pawnamerica.com/ProductImages//c3973492-c3f0-4697-bd44-87f180079e05.JPG', 'https://assets.pawnamerica.com/ProductImages//366f1564-a00e-470e-a23b-20cada670a09.JPG', 'https://assets.pawnamerica.com/ProductImages//7c65c998-6bb6-4535-9d78-ae13017bd464.JPG', 'https://assets.pawnamerica.com/ProductImages//13cd2df7-2aff-4581-ae7d-0b3d62e0ed8c.JPG', 'https://assets.pawnamerica.com/ProductImages//56f79c01-3fdc-46de-be10-25cb6f05b823.JPG', 'https://assets.pawnamerica.com/ProductImages//409110c3-23b2-409f-85b4-f3fb98bf2af6.JPG']"
Panini Mosaic Epic Performers Larry Bird [Green] #17 Sports Trading Card - 04/10,$149.99- $74.93,23723034789,Trading Card Singles,"['Sport:Basketball', 'Player/Athlete:Larry Bird', 'Parallel/Variety:Mosaic', 'Card Name:Epic Performers', 'Card Number:04/10', 'Type:Sports Trading Card', 'Year Manufactured:2022', 'Graded:No']","['https://assets.pawnamerica.com/ProductImages//5ba22f85-6dbe-4a7e-a971-0f0f1df2f224.jpg', 'https://assets.pawnamerica.com/ProductImages//e7816d7b-166e-4130-92f4-ab3464747aaa.jpg', 'https://assets.pawnamerica.com/ProductImages//3a5a7988-4d65-4c92-9b27-7513a50e92ec.jpg', 'https://assets.pawnamerica.com/ProductImages//ac80ecb9-ea25-43ef-8179-a204e5a821a8.jpg', 'https://assets.pawnamerica.com/ProductImages//a8010ea3-c9d3-4eba-b0fa-3efa9265c906.jpg']"
Minnesota Vikings T.J. Hockenson #87 Large On-Field NFL Autographed Jersey,$249.99,24222027022,Jerseys,"['Sport:Football-NFL', 'Product:Jersey', 'Original/Reprint:Original', 'Player:T.J. Hockenson', 'Team:Minnesota Vikings', 'Autograph Authentication:Beckett', 'Signed:Yes']","['https://assets.pawnamerica.com/ProductImages//b4f8ab00-9320-4fe7-9c65-b6b442687759.jpg', 'https://assets.pawnamerica.com/ProductImages//a02f485e-f4a1-4a5f-8a49-a0fbc098a79f.jpg', 'https://assets.pawnamerica.com/ProductImages//719bdbc4-82f7-48ac-ab75-a4c025005a5f.jpg', 'https://assets.pawnamerica.com/ProductImages//ea49e7fe-5ff5-462d-b833-bc9f426b4c0f.JPG', 'https://assets.pawnamerica.com/ProductImages//e3d196e1-1a6a-464f-b390-402f5950f293.JPG']"
James Jones 'Hoodie' #89 Green Bay Packers Signed Photo in Frame JSA,$49.99,25123051381,Photos,"['Sport:Football', 'Product:Photo', 'Original/Reprint:Original', 'Player:James Jones', 'Team:Green Bay Packers', 'Autograph Authentication:James Spence Authentication (JSA)', 'Signed:Yes']","['https://assets.pawnamerica.com/ProductImages//b928082a-4ff1-4871-b4bd-3671ba0cf284.JPG', 'https://assets.pawnamerica.com/ProductImages//284e07d9-a7c3-46d6-a636-32d802504a53.JPG', 'https://assets.pawnamerica.com/ProductImages//25e4d71d-65b8-4616-a79a-b6de281c32ec.JPG', 'https://assets.pawnamerica.com/ProductImages//c21de967-e28f-4311-9a05-6cddeb509ae2.JPG', 'https://assets.pawnamerica.com/ProductImages//61a1aec1-fc00-401f-81a0-0938c7977af5.JPG']"
Stephon Marbury Auto Minnesota Timberwolves #3 XL Beckett Authenticated Jersey,$79.99- $71.98,24321037086,Jerseys,"['Sport:Basketball-NBA', 'Product:Jersey', 'Original/Reprint:Original', 'Player:Stephon Marbury', 'Autograph Authentication:Beckett Authentication Services (BAS)', 'Team:Minnesota Timberwolves', 'Country/Region of Manufacture:Philippines', 'Signed:Yes']","['https://assets.pawnamerica.com/ProductImages//28eb23c3-ff27-4622-9b51-66df012b6f1b.JPG', 'https://assets.pawnamerica.com/ProductImages//4383e37f-2654-4c86-85c5-d58f34f00971.JPG', 'https://assets.pawnamerica.com/ProductImages//9c0df7fe-b51b-49f6-9b41-875c6665bfb7.JPG', 'https://assets.pawnamerica.com/ProductImages//d3548066-923f-47aa-a015-59755a5c9aa4.JPG', 'https://assets.pawnamerica.com/ProductImages//fd1aacb8-0af8-4b6b-abc9-ce6cc578f1a1.JPG', 'https://assets.pawnamerica.com/ProductImages//d318ddc9-2d18-4a37-bc91-fe6241dce6c9.JPG', 'https://assets.pawnamerica.com/ProductImages//90df7bbf-c1f8-49ff-bb77-69108d9a6583.JPG', 'https://assets.pawnamerica.com/ProductImages//ba8da8e2-27d4-4701-a09f-59e7b5928bc3.JPG', 'https://assets.pawnamerica.com/ProductImages//9b2915b2-d676-41a2-bf62-dabfda05bd90.JPG', 'https://assets.pawnamerica.com/ProductImages//e41d95a2-d434-4d91-9985-0a2a641c0dd2.JPG']"
Floyd Mayweather Jr Auto vs Conor McGregor 2017 Boxing 14x11 Beckett Photo Print,$149.99- $134.98,24321037087,Photos,"['Sport:Boxing', 'Product:Photo', 'Original/Reprint:Original', 'Player:Floyd Mayweather Jr.', 'Autograph Authentication:Beckett Authentication Services (BAS)', 'Country/Region of Manufacture:United States', 'Event/Tournament:Floyd Mayweather Jr. vs. Conor McGregor (August 26, 2017)', 'Signed:Yes']","['https://assets.pawnamerica.com/ProductImages//5d37d00c-4f86-4f00-b254-2fa351622b95.JPG', 'https://assets.pawnamerica.com/ProductImages//933fac54-04ff-48c4-81be-ab88db5438aa.JPG', 'https://assets.pawnamerica.com/ProductImages//02346984-cd2c-4f1e-9bbf-921995c4e422.JPG', 'https://assets.pawnamerica.com/ProductImages//de830b0b-c077-4ba1-8050-f1e08b157ead.JPG', 'https://assets.pawnamerica.com/ProductImages//af04dd7e-3aae-4c25-85d4-44ae5fe96845.JPG', 'https://assets.pawnamerica.com/ProductImages//8da241d4-172d-419d-8bb8-24730be686d3.JPG', 'https://assets.pawnamerica.com/ProductImages//75266ae2-78f6-4e48-9f15-b03cbb6a1143.JPG', 'https://assets.pawnamerica.com/ProductImages//812174c7-943f-466b-ac51-2f82969d3dd3.JPG', 'https://assets.pawnamerica.com/ProductImages//fbcfe5ed-dea7-4cfd-b466-f05cfc07eab1.JPG']"
Tyrann Mathieu #32 Houston Texans NFL Signed Replica Helmet - Beckett COA,$99.99- $89.98,25123050887,Helmets,"['Sport:Football', 'Product:Helmet', 'Original/Reprint:Original', 'Player:Tyrann Mathieu', 'Team:Houston Texans', 'Autograph Authentication:Beckett', 'Signed:Yes']","['https://assets.pawnamerica.com/ProductImages//8ccd2b06-9f38-4884-8e12-c0cfb261cf0c.jpg', 'https://assets.pawnamerica.com/ProductImages//ad852ebb-a57b-43d8-ae7e-cabbcf8aacb9.jpg', 'https://assets.pawnamerica.com/ProductImages//95dd6385-5974-4c03-921d-f2c5e00d96bc.jpg', 'https://assets.pawnamerica.com/ProductImages//e0695f7b-ba84-40f9-9b4b-355a2c62fae3.jpg', 'https://assets.pawnamerica.com/ProductImages//9045d171-6f64-485d-92d4-a13077bd1020.jpg', 'https://assets.pawnamerica.com/ProductImages//c2fc38ee-3f19-4712-937d-44e7f34f2964.jpg']"
2023 Topps GOIN' YARD AUTOGRAPH Julio Rodriguez GYAJRZ Sports Card - PSA Mint 9,$179.99- $143.96,23722037858,Trading Card Singles,"['Sport:MLB', 'Player/Athlete:Julio Rodriguez', 'Manufacturer:Topps', 'Card Number:GYAJRZ', 'Type:Sports Trading Card', 'Grade:MINT 9', 'Graded:Yes', 'Professional Grader:Professional Sports Authenticator (PSA)', 'Certification Number:93293596']","['https://assets.pawnamerica.com/ProductImages//b5436086-5895-4253-b6de-fe24092e99c4.JPG', 'https://assets.pawnamerica.com/ProductImages//929dffd4-b1c3-4770-9f54-98a4a4b6fe26.JPG', 'https://assets.pawnamerica.com/ProductImages//95d55801-f02e-4933-ba85-2fe001d6cc92.JPG', 'https://assets.pawnamerica.com/ProductImages//d55fefe1-f65f-4f6d-8a0e-7e4abd79dc72.JPG', 'https://assets.pawnamerica.com/ProductImages//cf21c789-373f-4cf2-87ab-8234bb3bd040.JPG']"
2022 Panini Ed Reed Impeccable Extravagance Patch Autograph Card EPAERE 27/35,$129.99- $110.97,23751000937,Trading Card Singles,"['Sport:NFL', 'Player/Athlete:Ed Reed', 'Manufacturer:Panini', 'Parallel/Variety:Patch', 'Card Name:Ed Reed Impeccable Extravagance Patch Autograph Card', 'Card Number:EPAERE 27/35', 'Type:Sports Trading Card', 'Year Manufactured:2022']","['https://assets.pawnamerica.com/ProductImages//eb3c18f9-939c-4505-8dee-36265d61e0d1.JPG', 'https://assets.pawnamerica.com/ProductImages//bd4f99bc-59c9-456d-808a-fe3a1c6c9f07.JPG', 'https://assets.pawnamerica.com/ProductImages//440f3a7a-429f-41e5-a32d-00710666155d.JPG', 'https://assets.pawnamerica.com/ProductImages//3be6e308-a151-4ec1-8c16-0936bae50ecc.JPG', 'https://assets.pawnamerica.com/ProductImages//299d3d7a-1875-4386-a4da-681d30059894.jpg']"
Wild Card 1/2 Autographed Puka Nacua Dino-Might Alumination Sports Card - ADA-PN,$179.99- $161.98,23721050276,Football-NFL,"['Product:Sports Card', 'Team:LA Rams', 'Brand:Wild Card', 'Player:Puka Nacua', 'Sport:Football-NFL']","['https://assets.pawnamerica.com/ProductImages//b9732b7c-561a-46a9-8b5a-8e58d74eef6b.jpg', 'https://assets.pawnamerica.com/ProductImages//390fbc74-274f-4682-b27d-9b24267b95f1.jpg', 'https://assets.pawnamerica.com/ProductImages//7be94adc-5a95-47fe-8988-b406cb43196d.jpg', 'https://assets.pawnamerica.com/ProductImages//fde2b1e4-67e5-46e3-af06-f3f8430e0af3.jpg', 'https://assets.pawnamerica.com/ProductImages//d22ba6a6-e99c-40f3-9214-dfb883e3e80c.jpg']"
2021 Panini Prizm UFC Fearless #22 Khabib Nurmagomedov Green Card CSG Gem Mint10,$99.99- $89.98,23622036588,Trading Card Singles,"['Sport:UFC', 'Player/Athlete:Khabib Nurmagomedov', 'Card Name:UFC Fearless #22 Khabib Nurmagomedov', 'Card Number:#22', 'Type:Sports Trading Card', 'Grade:CSG Gem Mint 10', 'Graded:Yes', 'Professional Grader:Certified Sports Guaranty (CSG)', 'Card Condition:Near Mint or Better', 'Certification Number:22']","['https://assets.pawnamerica.com/ProductImages//41b70371-7e0f-42ed-8295-9b02d1ae26c6.JPG', 'https://assets.pawnamerica.com/ProductImages//49a29916-ca12-4a0c-9e51-a91f13ca24f2.JPG', 'https://assets.pawnamerica.com/ProductImages//6bb2175f-92f3-4acd-985d-4d0a4840305a.JPG', 'https://assets.pawnamerica.com/ProductImages//4fafc174-a6d8-4179-8fe7-e9619e1ba5bb.JPG', 'https://assets.pawnamerica.com/ProductImages//3e153997-c0d7-4d8f-95ab-29b584e95627.JPG', 'https://assets.pawnamerica.com/ProductImages//22cf8a3d-bfd0-45cb-bc42-fd14763e6068.JPG', 'https://assets.pawnamerica.com/ProductImages//1b5ecf14-0b90-4545-86d3-5c25a44d2542.JPG', 'https://assets.pawnamerica.com/ProductImages//cffd0bcc-e0d6-4a09-adab-e6ac04f7a8d4.JPG', 'https://assets.pawnamerica.com/ProductImages//c66b7425-4a33-4655-9468-043a376828fc.JPG', 'https://assets.pawnamerica.com/ProductImages//54057fd1-7748-4dc8-8e33-872570f58676.JPG', 'https://assets.pawnamerica.com/ProductImages//5e6eb356-4277-425d-80ff-df3cf72c26bb.JPG', 'https://assets.pawnamerica.com/ProductImages//c565346b-a69a-4370-a248-7af1b4dcc970.JPG', 'https://assets.pawnamerica.com/ProductImages//352d1281-7a71-4a10-a2de-23262e2eb20a.JPG', 'https://assets.pawnamerica.com/ProductImages//2558db9e-c34b-4ef6-90d7-a7dbc53445a1.JPG', 'https://assets.pawnamerica.com/ProductImages//846e98e6-f07d-4d25-b962-f12b7574badc.JPG', 'https://assets.pawnamerica.com/ProductImages//9fd20a8b-85b5-4ac5-a9fe-b048ccdc62c6.JPG']"
Randy Gradishar Auto Signed JSA Authenticated #53 NFL Broncos Size XL Jersey,$99.99- $89.98,24321036665,Jerseys,"['Sport:Football-NFL', 'Product:Jersey', 'Original/Reprint:Original', 'Player:Randy Gradishar', 'Team:Denver Broncos', 'Autograph Authentication:JSA', 'Signed:Yes']","['https://assets.pawnamerica.com/ProductImages//dc086679-4d10-48af-9eaa-c7a3f2923b0d.JPG', 'https://assets.pawnamerica.com/ProductImages//aec618e6-911a-45d5-bbef-bbbe5a2d705d.JPG', 'https://assets.pawnamerica.com/ProductImages//8d5fa3dc-2326-40e0-bf27-1d562b9a029d.JPG', 'https://assets.pawnamerica.com/ProductImages//29bd2ef8-d77a-4ee4-af25-7fc86d1981e9.JPG', 'https://assets.pawnamerica.com/ProductImages//ee606217-dfae-4fe7-bc3d-2a962e918892.JPG', 'https://assets.pawnamerica.com/ProductImages//b56372e7-d542-4013-b3c6-bb24725f806b.JPG', 'https://assets.pawnamerica.com/ProductImages//9df0ae68-2815-4834-b945-f806111fff8a.JPG', 'https://assets.pawnamerica.com/ProductImages//6313e95c-caa4-46c8-ba86-de7266773ce2.JPG', 'https://assets.pawnamerica.com/ProductImages//2c651fdd-a598-407f-885a-d5451f012933.JPG', 'https://assets.pawnamerica.com/ProductImages//599c858c-a789-4b9f-9a1e-eb44d97a657f.JPG', 'https://assets.pawnamerica.com/ProductImages//6799da8e-b4ee-4fa4-9b5d-378bccc0950b.JPG', 'https://assets.pawnamerica.com/ProductImages//4dfa74c0-8fed-42bb-90d2-5a96d672a450.JPG', 'https://assets.pawnamerica.com/ProductImages//5c40c18c-04b4-4614-888c-3bcac11bc8bd.JPG']"
Davante Adams #17 Green Bay Packers Signed Photo in Frame - JSA COA,$99.99- $84.97,25123049419,Photos,"['Sport:Football', 'Product:Photo', 'Original/Reprint:Original', 'Player:Davante Adams', 'Team:Green Bay Packers', 'Autograph Authentication:James Spence Authentication (JSA)', 'Signed:Yes']","['https://assets.pawnamerica.com/ProductImages//3764f78b-f7dc-4a4e-bbd5-48081aaeeb95.JPG', 'https://assets.pawnamerica.com/ProductImages//06cca699-2fea-4cf7-8546-6b3e120c7b15.JPG', 'https://assets.pawnamerica.com/ProductImages//455ffd6f-2bf3-443c-88b8-7c459756e090.JPG', 'https://assets.pawnamerica.com/ProductImages//58ddd68e-37ec-448e-9e04-bd26c5a5342a.JPG', 'https://assets.pawnamerica.com/ProductImages//6b03e8a6-c071-4698-82df-9e8d9d1944c8.JPG', 'https://assets.pawnamerica.com/ProductImages//d0542b3a-acad-46f6-ba7a-4adb11626aac.JPG']"
Christian Yelich #22 Milwaukee Brewers MLB Signed Print - Fanatics COA,$79.99- $67.97,25123049242,"Lithographs, Posters & Prints","['Sport:Baseball-MLB', 'Product:Lithograph, Poster & Print', 'Original/Reprint:Original', 'Player:Christian Yelich', 'Team:Milwaukee Brewers', 'Autograph Authentication:Fanatics', 'Signed:Yes']","['https://assets.pawnamerica.com/ProductImages//ab5d8466-0b6c-476b-a4fe-7bb766db91e7.JPG', 'https://assets.pawnamerica.com/ProductImages//c91dc18c-e038-468a-a8b4-4049d31ed390.JPG', 'https://assets.pawnamerica.com/ProductImages//fe314d76-5f88-4cb5-b033-a6bf39dcac9a.JPG', 'https://assets.pawnamerica.com/ProductImages//03c67ded-f43f-4c1c-9c68-00ecbb11ef4d.JPG', 'https://assets.pawnamerica.com/ProductImages//8b536b25-97fa-4c09-a105-af3f56fa9db6.JPG', 'https://assets.pawnamerica.com/ProductImages//30d321ae-2a32-412e-80c0-9c7f23cc7621.JPG']"
Ryan Leaf #16 Washington State Cougars Signed Replica Jersey - JSA COA,$79.99- $63.96,25123048710,Other Signed NCAA Football,"['Sport:Football', 'Product:Replica Jersey', 'Original/Reprint:Original', 'Team:Washington State Cougars', 'Player:Ryan Leaf', 'Autograph Authentication:James Spence Authentication (JSA)', 'Signed:Yes']","['https://assets.pawnamerica.com/ProductImages//d87095b7-767f-4e92-b9e0-159c8cdd39c0.JPG', 'https://assets.pawnamerica.com/ProductImages//5aae0ef1-ec28-42e2-a7c7-53469bd84b28.JPG', 'https://assets.pawnamerica.com/ProductImages//160dea01-5e9a-4368-a705-f6bde5024b08.JPG', 'https://assets.pawnamerica.com/ProductImages//02b08748-0b86-4eba-a699-eda0ec146d14.JPG', 'https://assets.pawnamerica.com/ProductImages//96b3ed00-081d-4fe1-b92e-b2b0fa664e43.JPG', 'https://assets.pawnamerica.com/ProductImages//e402590e-4eee-4385-b64a-6ba7a61bbb61.JPG']"
Deshaun Watson Houston Texans Signed NFL Full Size Football Helmet - Beckett,$199.99- $139.95,25121043171,Helmets,"['Sport:Football', 'Product:Helmet', 'Original/Reprint:Original', 'Player:Deshaun Watson', 'Team:Houston Texans', 'Autograph Authentication:Beckett Witnessed', 'Signed:Yes']","['https://assets.pawnamerica.com/ProductImages//7a131f8b-0f88-44ba-a197-881d3980110f.JPG', 'https://assets.pawnamerica.com/ProductImages//b1a1f2cd-149b-4c87-ad27-5add3529adee.JPG', 'https://assets.pawnamerica.com/ProductImages//e8ee9986-ec7b-49e7-b265-90c041f6cd41.JPG', 'https://assets.pawnamerica.com/ProductImages//0d2810ff-867b-4f15-a5d9-7143da524e86.JPG', 'https://assets.pawnamerica.com/ProductImages//b4a5bc77-ef20-4d79-a02e-2cd8697e86b2.JPG', 'https://assets.pawnamerica.com/ProductImages//96c88a5b-d2cb-4e2c-9e56-42e5b9a8aea2.JPG', 'https://assets.pawnamerica.com/ProductImages//cc3c9c7e-b268-4df1-9e19-9f590753e4a6.JPG', 'https://assets.pawnamerica.com/ProductImages//4f015c85-dd8d-49cc-91d9-a0125760b6d0.JPG']"
Aaron Jones #33 Green Bay Packers Signed Photo in Frame - JSA COA,$79.99- $55.95,25123046811,Photos,"['Sport:Football', 'Product:Photo', 'Original/Reprint:Original', 'Player:Aaron Jones', 'Team:Green Bay Packers', 'Autograph Authentication:James Spence Authentication (JSA)', 'Signed:Yes']","['https://assets.pawnamerica.com/ProductImages//411d864e-019e-4be1-a600-692985562020.JPG', 'https://assets.pawnamerica.com/ProductImages//c947028f-b99c-4d03-8ffd-a506064d764b.JPG', 'https://assets.pawnamerica.com/ProductImages//470b05b2-317a-4693-89cc-ce3c239d786e.JPG', 'https://assets.pawnamerica.com/ProductImages//2facb266-dfc3-4da8-9c90-f4488f797660.JPG', 'https://assets.pawnamerica.com/ProductImages//507753e6-2852-47db-9abe-2499773a2b68.JPG']"
Wilt Chamberlain Philadelphia Warriors #13 Signed Color Photograph in Frame JSA,$799.99- $479.94,25123042666,"Lithographs, Posters & Prints","['Sport:Basketball', 'Product:Lithograph, Poster & Print', 'Original/Reprint:Original', 'Player:Wilt Chamberlain', 'Autograph Authentication:James Spence Authentication (JSA)', 'Signed:Yes']","['https://assets.pawnamerica.com/ProductImages//75c9a33f-f877-49e6-81cf-e740394644a9.JPG', 'https://assets.pawnamerica.com/ProductImages//7956bb26-90ec-4e74-bb6c-c9eb3f2a7ed8.JPG', 'https://assets.pawnamerica.com/ProductImages//15b2806c-a4af-4b35-84dc-85b19816a83e.JPG', 'https://assets.pawnamerica.com/ProductImages//3d774b2e-8c9c-4202-a9a0-1c0bdb0c1d33.JPG']"
Terrell Owens Auto Aurora 1999 Pacific Trading Cards 49ers Football Card - 7/197,$44.99- $26.94,24321034046,Other Autographed NFL Items,"['Sport:Football', 'Product:Trading Card', 'Original/Reprint:Original', 'Player:Terrell Owens', 'Team:San Francisco 49ers', 'Signed:Yes']","['https://assets.pawnamerica.com/ProductImages//e8d27aba-1279-453e-9c94-07d9b826db28.JPG', 'https://assets.pawnamerica.com/ProductImages//5185a835-cbbe-458b-8883-90168409382d.JPG', 'https://assets.pawnamerica.com/ProductImages//69581eab-1b4b-4170-b8ed-731df5359094.JPG', 'https://assets.pawnamerica.com/ProductImages//0e6b6779-22d8-42ba-a7b6-2c4f24917a0e.JPG', 'https://assets.pawnamerica.com/ProductImages//c8813693-414c-4199-b422-21fcdf620d9b.JPG', 'https://assets.pawnamerica.com/ProductImages//c02002b3-75ca-44a1-b708-2f8328aeece3.JPG', 'https://assets.pawnamerica.com/ProductImages//df432ced-e690-42fc-883f-1181c43ec255.JPG', 'https://assets.pawnamerica.com/ProductImages//148f1a70-38fa-4e39-8665-3c897bd81a96.JPG', 'https://assets.pawnamerica.com/ProductImages//8e41b3de-fe41-49f6-bfdd-39bbefc02874.JPG', 'https://assets.pawnamerica.com/ProductImages//34f38364-bb32-4129-9063-9028b596e62f.JPG']"
Ronald Acuna Jr STN-1 Stella Nova Topps Chrome 2023 Atlanta Braves Baseball Card,$99.99- $49.93,24322045240,Baseball-MLB,"['Product:Trading Card', 'Team:Atlanta Braves', 'Brand:Topps', 'Player:Ronald Acuna Jr', 'League:Major League (MLB)', 'Sport:Baseball']","['https://assets.pawnamerica.com/ProductImages//c5023f11-e946-4094-952d-2f9ee7f93410.JPG', 'https://assets.pawnamerica.com/ProductImages//51c3822a-01b0-43a1-a0a7-d9ea3c9ecc64.JPG', 'https://assets.pawnamerica.com/ProductImages//3be103ae-3690-47d1-b5ff-8bace0e8926c.JPG', 'https://assets.pawnamerica.com/ProductImages//0b9ea51a-4437-4979-a6f6-3e380042199a.JPG', 'https://assets.pawnamerica.com/ProductImages//1137e41b-62e5-4b5c-a2f3-c788d9cfaf0b.JPG', 'https://assets.pawnamerica.com/ProductImages//d5abdf46-fc62-4c03-a000-51b194f6547e.JPG', 'https://assets.pawnamerica.com/ProductImages//5b13c926-d333-4e8f-8ac5-f9bc3022bd49.JPG']"
Jordan Lawlar #BTP-22 Topps 2022 Bowman Chrome Diamondbacks MLB Card - 22/25,$39.99- $19.93,24321033244,Baseball-MLB,"['Product:Trading Card', 'Team:Arizona Diamondbacks', 'Brand:Topps', 'Player:Jordan Lawlar', 'League:Major League (MLB)', 'Sport:Baseball']","['https://assets.pawnamerica.com/ProductImages//88a91095-0613-4eee-b939-7fa9d0253629.JPG', 'https://assets.pawnamerica.com/ProductImages//bc8af4cc-5d74-41ae-a444-54d966098eab.JPG', 'https://assets.pawnamerica.com/ProductImages//11d3c6c6-c9de-48c3-a730-739b889b7f2e.JPG', 'https://assets.pawnamerica.com/ProductImages//95d8bd0a-e2ba-4284-8916-26359f035c4a.JPG', 'https://assets.pawnamerica.com/ProductImages//28c360ae-6f1d-4a06-95fc-ae8de54a9053.JPG', 'https://assets.pawnamerica.com/ProductImages//9d08b60d-b374-41fd-9176-b841cc83a475.JPG', 'https://assets.pawnamerica.com/ProductImages//12ba1110-9ceb-4cab-809b-e6521eb976e6.JPG']"
Jim Palmer Auto #87ASA-JP Orioles Topps 2022 All Star 1987-2022 Baseball Card,$39.99- $19.93,24321033245,Baseball-MLB,"['Product:Trading Card', 'Team:Baltimore Orioles', 'Brand:Topps', 'Player:Jim Palmer', 'League:Major League (MLB)', 'Sport:Baseball']","['https://assets.pawnamerica.com/ProductImages//f77af258-3ef2-484b-bff4-0a8a848a6149.JPG', 'https://assets.pawnamerica.com/ProductImages//b661576d-c953-429a-a9c4-42cb07e18b31.JPG', 'https://assets.pawnamerica.com/ProductImages//a6e9787c-d3c7-48d1-aa9a-a60b75cb9a30.JPG', 'https://assets.pawnamerica.com/ProductImages//17948a77-a5fe-4a66-8a22-45f173d3be91.JPG', 'https://assets.pawnamerica.com/ProductImages//54d433a4-b712-4ec0-b6af-4e8a87fa6b75.JPG', 'https://assets.pawnamerica.com/ProductImages//d5438625-3a96-417a-b01b-5733683bc579.JPG']"
Matt Vierling IAJP-MV Phillies Topps Inception Auto Jumbo Patch MLB Card - 12/50,$39.99- $19.93,24321033247,Other Autographed MLB Items,"['Sport:Baseball-MLB', 'Product:Trading Card', 'Original/Reprint:Original', 'Player:Matt Vierling', 'Team:Philadelphia Phillies', 'Signed:Yes']","['https://assets.pawnamerica.com/ProductImages//70a8ecf4-ec1d-45bf-923a-35c844c3ed41.JPG', 'https://assets.pawnamerica.com/ProductImages//19765404-c604-41d3-8892-d8332db151fa.JPG', 'https://assets.pawnamerica.com/ProductImages//cc1f55ae-e1b5-4011-a74f-4528bc52e75f.JPG', 'https://assets.pawnamerica.com/ProductImages//ce4e9014-aff1-4a6c-9585-1936b07ba03e.JPG', 'https://assets.pawnamerica.com/ProductImages//e48fb838-d54a-4c89-8f1c-61ca972fc7c3.JPG', 'https://assets.pawnamerica.com/ProductImages//3a09b0c1-5697-4a18-a5fe-b592951a4daa.JPG', 'https://assets.pawnamerica.com/ProductImages//5bdc52c0-82ad-4ba2-b744-c1ff1d0ad1ce.JPG', 'https://assets.pawnamerica.com/ProductImages//f0a69865-3aad-4e4d-8eba-a62cebfb5b84.JPG']"
